team,season,week,turnover_margin,eff_ratio,td_eff,off_points_scored,def_points_allowed,off_yards_total,off_passing_yards,off_rushing_yards,off_pass_touchdowns,off_rush_touchdowns,def_touchdowns,off_first_downs_pass,off_first_downs_rush,off_interceptions_thrown,off_fumbles_total,off_fumbles_lost,off_safeties_allowed,def_interceptions_made,def_fumbles_total,def_fumbles_lost,def_fumbles_forced,def_safeties_recorded,def_sacks,off_pass_attempts,off_rush_attempts,off_pass_percentage,off_rush_percentage,def_pass_percentage,def_rush_percentage
ARI,2021,1,2,0.089,0.078,38,13,425,289,136,4,1,0,13,7,1,1,0,0,1,2,2,2,0,6,31,33,0.51,0.49,0.66,0.34
ARI,2021,2,-2,0.07,0.073,35,27,503,400,103,3,1,0,16,5,2,1,0,0,0,2,0,2,0,1,34,21,0.65,0.35,0.55,0.45
ARI,2021,3,3,0.076,0.063,31,14,407,316,91,0,4,1,14,8,1,0,0,0,2,5,2,3,0,3,33,30,0.53,0.47,0.55,0.44
ARI,2021,4,2,0.076,0.056,37,20,484,268,216,2,2,0,11,15,0,1,0,0,1,1,1,1,0,0,32,40,0.47,0.51,0.64,0.34
ARI,2021,5,0,0.051,0.034,17,10,333,239,94,1,1,0,11,8,0,4,1,0,1,0,0,0,0,2,31,27,0.55,0.4,0.53,0.47
ARI,2021,6,3,0.099,0.06,37,14,373,229,144,4,0,0,11,8,0,4,0,0,1,2,2,2,0,5,30,37,0.46,0.49,0.65,0.35
ATL,2021,1,0,0.021,0,6,32,288,164,124,0,0,0,8,7,0,1,0,0,0,2,0,0,0,1,35,26,0.59,0.41,0.51,0.47
ATL,2021,2,-2,0.076,0.045,27,36,355,300,55,2,1,0,15,2,3,1,0,0,0,2,1,2,0,3,45,21,0.7,0.3,0.65,0.3
ATL,2021,3,0,0.054,0.036,17,14,312,243,69,2,0,0,12,3,0,1,1,0,0,3,1,2,0,2,36,20,0.66,0.34,0.57,0.42
ATL,2021,4,0,0.079,0.057,30,34,382,283,99,4,0,0,15,6,0,1,0,0,0,0,0,0,0,1,42,28,0.6,0.39,0.55,0.44
ATL,2021,5,-1,0.06,0.04,27,20,450,342,108,2,1,0,19,5,0,3,2,0,1,1,0,1,0,2,46,29,0.61,0.37,0.66,0.34
ATL,2021,7,0,0.074,0.049,30,28,408,336,72,2,1,0,15,5,1,1,1,0,2,0,0,0,0,1,39,22,0.65,0.32,0.59,0.41
BAL,2021,1,-1,0.064,0.047,27,33,424,235,189,1,2,0,11,8,0,3,2,0,1,2,0,0,0,3,30,34,0.49,0.49,0.71,0.26
BAL,2021,2,0,0.076,0.077,37,29,490,239,251,1,4,0,11,18,2,1,0,0,1,2,1,1,0,0,24,41,0.4,0.57,0.63,0.37
BAL,2021,3,-1,0.047,0.019,19,17,403,287,116,1,0,0,10,5,1,1,0,0,0,0,0,0,0,2,30,22,0.6,0.39,0.55,0.45
BAL,2021,4,1,0.055,0.03,23,7,418,316,102,1,1,0,14,6,0,0,0,0,1,0,0,0,0,5,37,30,0.57,0.43,0.71,0.29
BAL,2021,5,0,0.059,0.058,31,25,528,442,86,4,0,0,22,7,0,1,1,0,0,1,1,1,0,2,43,26,0.64,0.36,0.59,0.41
BAL,2021,6,-1,0.096,0.063,34,6,354,167,187,1,3,0,12,14,2,2,0,0,1,0,0,0,0,2,25,38,0.44,0.53,0.77,0.23
BUF,2021,1,-1,0.057,0.026,22,17,387,270,117,1,1,0,13,8,0,4,1,0,0,1,0,1,0,2,51,25,0.68,0.32,0.62,0.33
BUF,2021,2,-1,0.109,0.081,35,,322,179,143,2,3,0,8,10,1,3,2,0,1,1,1,1,0,6,32,30,0.53,0.44,0.71,0.27
BUF,2021,3,3,0.089,0.065,43,21,481,359,122,4,1,0,20,8,0,0,0,0,2,2,1,1,0,1,44,33,0.58,0.38,0.5,0.5
BUF,2021,4,4,0.088,0.057,40,,455,256,199,2,2,0,12,12,1,3,0,0,4,2,1,1,0,3,30,40,0.44,0.53,0.57,0.43
BUF,2021,5,4,0.073,0.074,32,21,436,315,121,3,1,1,12,7,0,0,0,0,2,2,2,1,0,2,26,28,0.48,0.46,0.71,0.29
BUF,2021,6,0,0.071,0.043,31,34,435,353,82,3,0,0,22,3,1,1,0,0,1,0,0,0,0,0,46,23,0.69,0.31,0.57,0.41
CAR,2021,1,0,0.049,0.032,19,14,390,279,111,1,1,0,14,4,0,1,1,0,1,1,0,1,0,6,35,27,0.57,0.38,0.71,0.29
CAR,2021,2,1,0.066,0.043,26,7,394,305,89,2,1,0,18,4,1,1,0,0,2,0,0,0,0,4,37,33,0.55,0.45,0.6,0.37
CAR,2021,3,0,0.057,0.045,24,9,421,304,117,0,3,0,15,10,0,3,0,0,0,1,0,0,0,4,34,33,0.53,0.43,0.63,0.35
CAR,2021,4,-2,0.068,0.066,28,36,414,301,113,2,2,0,13,9,2,0,0,0,0,1,0,0,0,0,37,24,0.65,0.35,0.41,0.55
CAR,2021,5,-1,0.056,0.016,16,21,286,177,109,1,0,0,9,6,3,0,0,0,1,2,1,1,1,2,34,30,0.57,0.43,0.65,0.32
CAR,2021,6,-2,0.068,0.032,22,40,325,207,118,1,1,0,8,8,1,3,2,0,0,3,1,2,0,0,40,23,0.67,0.32,0.56,0.43
CHI,2021,1,-2,0.04,0.031,14,34,350,216,134,0,2,0,13,10,1,1,1,0,0,0,0,0,0,1,39,26,0.62,0.38,0.54,0.38
CHI,2021,2,3,0.059,0.018,14,18,239,116,123,1,0,1,7,6,1,1,0,0,3,1,1,1,0,5,23,34,0.44,0.51,0.64,0.36
CHI,2021,3,0,0.053,0,6,26,114,68,46,0,0,0,2,2,0,0,0,0,0,1,0,0,0,5,20,13,0.69,0.31,0.45,0.51
CHI,2021,4,1,0.06,0.055,24,14,397,209,188,0,3,0,5,13,1,1,0,0,0,3,2,2,0,4,16,39,0.32,0.65,0.63,0.37
CHI,2021,5,1,0.076,0.034,20,9,262,119,143,1,1,0,8,7,0,1,0,0,1,0,0,0,0,3,21,37,0.37,0.62,0.64,0.36
CHI,2021,6,-1,0.045,0.038,14,24,314,174,140,1,1,0,10,10,1,1,0,0,0,0,0,0,0,3,26,26,0.54,0.46,0.46,0.47
CIN,2021,1,1,0.066,0.048,27,24,410,261,149,2,1,0,12,7,0,0,0,0,0,1,1,1,0,3,27,36,0.46,0.53,0.69,0.29
CIN,2021,2,-3,0.065,0.043,18,14,276,207,69,2,0,0,10,2,3,1,1,0,1,1,0,1,0,3,27,20,0.64,0.36,0.44,0.51
CIN,2021,3,1,0.09,0.073,24,10,268,172,96,3,0,0,7,4,1,0,0,0,2,1,0,1,0,4,17,24,0.43,0.5,0.81,0.19
CIN,2021,4,0,0.056,0.056,24,21,426,348,78,2,1,0,16,4,0,0,0,0,0,1,0,1,0,1,32,22,0.6,0.4,0.45,0.55
CIN,2021,5,-1,0.057,0.05,22,25,384,281,103,2,1,0,12,6,2,0,0,0,1,0,0,0,0,2,36,24,0.64,0.36,0.63,0.35
CIN,2021,6,0,0.081,0.062,34,11,420,278,142,4,0,0,10,8,1,1,0,0,1,0,0,0,0,1,29,36,0.47,0.49,0.69,0.29
CLE,2021,1,-2,0.061,0.074,29,33,474,321,153,0,4,0,14,9,1,2,1,0,0,0,0,0,0,2,27,27,0.53,0.47,0.63,0.34
CLE,2021,2,-2,0.084,0.074,31,21,369,213,156,1,3,0,10,11,1,3,2,0,1,2,0,1,0,1,20,34,0.4,0.54,0.52,0.48
CLE,2021,3,0,0.056,0.027,26,6,461,246,215,1,1,0,13,11,0,1,0,0,0,0,0,0,0,9,31,42,0.45,0.51,0.69,0.31
CLE,2021,4,1,0.041,0.014,14,7,339,155,184,0,1,0,9,10,0,0,0,0,1,0,0,0,0,2,33,38,0.49,0.51,0.63,0.35
CLE,2021,5,1,0.079,0.075,42,47,535,305,230,2,3,0,12,10,0,1,0,0,0,2,1,2,0,2,32,35,0.48,0.51,0.66,0.33
CLE,2021,6,-3,0.045,0.041,14,37,313,240,73,2,0,0,11,4,1,2,2,0,0,4,0,0,0,2,30,19,0.65,0.35,0.46,0.49
DAL,2021,1,3,0.063,0.04,29,31,463,403,60,3,0,0,21,4,1,1,0,0,2,2,2,2,0,0,57,18,0.77,0.23,0.78,0.22
DAL,2021,2,1,0.046,0.035,20,17,435,237,198,0,2,0,13,11,1,1,0,0,2,0,0,0,0,2,26,31,0.48,0.52,0.68,0.32
DAL,2021,3,1,0.09,0.075,36,16,398,238,160,3,2,1,14,9,0,2,1,0,2,0,0,0,0,2,26,41,0.42,0.54,0.77,0.23
DAL,2021,4,2,0.086,0.089,36,28,418,188,230,4,1,0,10,12,0,1,0,0,2,0,0,0,0,5,22,34,0.41,0.55,0.65,0.35
DAL,2021,5,0,0.072,0.056,38,21,525,324,201,3,1,1,13,10,1,2,1,0,2,1,0,0,0,0,32,39,0.47,0.53,0.61,0.39
DAL,2021,6,0,0.051,0.037,29,30,567,445,122,3,0,1,25,5,1,1,1,0,1,2,1,2,0,2,50,31,0.63,0.37,0.47,0.49
DEN,2021,1,0,0.063,0.047,27,13,429,264,165,2,1,0,17,4,0,1,1,0,0,1,1,1,0,2,36,28,0.58,0.42,0.64,0.32
DEN,2021,2,2,0.054,0.031,23,13,424,328,96,2,0,0,11,9,0,0,0,0,2,0,0,0,0,1,34,30,0.55,0.42,0.69,0.31
DEN,2021,3,1,0.073,0.032,26,,355,235,120,0,2,0,10,9,0,1,1,0,2,0,0,0,0,5,25,37,0.42,0.56,0.75,0.25
DEN,2021,4,-1,0.025,0.019,7,23,284,178,106,1,0,0,9,5,1,0,0,0,0,0,0,0,0,3,36,17,0.71,0.29,0.57,0.43
DEN,2021,5,0,0.048,0.036,19,27,394,288,106,2,0,0,14,3,1,0,0,0,0,1,1,1,0,1,37,18,0.69,0.31,0.43,0.56
DEN,2021,6,-4,0.054,0.043,24,34,446,334,112,3,0,0,18,6,3,1,1,0,0,1,0,0,0,2,46,23,0.7,0.3,0.56,0.42
DET,2021,1,1,0.075,0.05,34,35,454,338,116,3,1,0,19,8,1,0,0,0,0,2,2,1,0,1,56,24,0.72,0.28,0.47,0.49
DET,2021,2,-2,0.048,0.037,17,35,354,246,108,2,0,0,11,7,1,2,1,0,0,0,0,0,0,3,35,19,0.66,0.34,0.49,0.44
DET,2021,3,1,0.055,0.034,17,19,310,217,93,0,2,0,13,7,0,0,0,0,1,1,0,0,0,4,31,27,0.55,0.45,0.6,0.39
DET,2021,4,-1,0.036,0.032,14,24,389,299,90,2,0,0,15,4,0,3,2,0,1,1,0,1,0,1,38,25,0.63,0.37,0.32,0.65
DET,2021,5,0,0.055,0.017,17,19,311,203,108,0,1,0,11,7,1,1,1,0,1,1,1,1,0,2,34,24,0.62,0.38,0.55,0.44
DET,2021,6,0,0.046,0.017,11,34,238,202,36,0,1,0,12,3,1,0,0,0,1,1,0,1,0,2,41,18,0.69,0.29,0.47,0.49
GB,2021,1,-3,0.012,0,3,38,244,201,43,0,0,0,9,2,2,1,1,0,0,0,0,0,0,0,33,15,0.71,0.29,0.35,0.62
GB,2021,2,2,0.1,0.086,35,17,351,255,96,4,1,0,16,5,0,0,0,0,1,2,1,0,0,1,27,31,0.49,0.44,0.66,0.34
GB,2021,3,2,0.083,0.052,30,28,361,261,100,2,1,0,13,5,0,1,0,0,1,2,1,0,0,4,33,25,0.54,0.42,0.68,0.32
GB,2021,4,1,0.071,0.043,27,17,379,248,131,2,1,0,13,9,0,1,1,0,1,1,1,1,0,2,36,33,0.54,0.43,0.72,0.28
GB,2021,5,1,0.052,0.033,25,22,477,344,133,2,0,0,16,4,1,0,0,0,2,0,0,0,0,3,38,22,0.63,0.35,0.64,0.36
GB,2021,6,1,0.069,0.056,24,14,349,195,154,2,1,0,10,10,0,0,0,0,1,1,0,0,0,4,23,31,0.46,0.47,0.54,0.46
HOU,2021,1,3,0.082,0.054,37,21,451,291,160,2,2,0,13,6,0,1,0,0,3,1,0,1,0,1,33,41,0.45,0.53,0.76,0.22
HOU,2021,2,2,0.068,0.054,21,31,309,227,82,2,1,0,10,5,1,2,0,0,1,3,2,2,0,2,28,28,0.52,0.48,0.4,0.54
HOU,2021,3,0,0.043,0.022,9,24,210,168,42,1,0,0,10,2,0,1,0,0,0,3,0,3,0,3,28,17,0.63,0.35,0.53,0.43
HOU,2021,4,-4,0,0,,40,135,87,48,0,0,0,4,2,4,2,1,0,1,3,0,2,0,1,17,18,0.57,0.43,0.44,0.53
HOU,2021,5,1,0.058,0.057,22,25,379,312,67,3,0,0,10,2,0,1,1,0,1,1,1,1,0,1,29,24,0.57,0.43,0.49,0.49
HOU,2021,6,-3,0.008,0,3,31,367,243,124,0,0,0,12,7,2,1,1,0,0,0,0,0,0,2,41,29,0.61,0.39,0.46,0.52
IND,2021,1,0,0.044,0.029,16,28,364,251,113,2,0,0,14,8,0,1,1,0,0,1,1,1,0,3,38,31,0.57,0.43,0.49,0.51
IND,2021,2,0,0.047,0.017,18,28,381,272,109,1,0,1,13,8,2,0,0,0,1,1,1,1,0,1,34,26,0.61,0.39,0.52,0.48
IND,2021,3,3,0.057,0.018,16,25,281,194,87,0,1,0,8,7,0,0,0,0,2,2,1,2,0,1,37,18,0.68,0.32,0.42,0.55
IND,2021,4,1,0.074,0.046,27,17,367,228,139,2,1,0,9,9,0,1,1,0,0,3,2,1,0,3,32,33,0.51,0.45,0.67,0.33
IND,2021,5,0,0.048,0.049,25,31,525,402,123,2,1,0,16,10,0,1,1,0,0,1,1,1,0,2,35,26,0.59,0.41,0.64,0.36
IND,2021,6,3,0.078,0.087,31,3,397,223,174,2,2,0,8,7,0,0,0,0,2,1,1,1,0,2,20,26,0.46,0.52,0.61,0.39
JAX,2021,1,-3,0.051,0.047,21,37,408,332,76,3,0,0,13,5,3,1,0,0,0,1,0,0,0,1,48,16,0.76,0.22,0.45,0.53
JAX,2021,2,-2,0.067,0.043,13,23,193,118,75,1,1,0,6,3,2,0,0,0,0,0,0,0,0,3,31,16,0.69,0.31,0.55,0.42
JAX,2021,3,-3,0.037,0.033,14,31,378,219,159,1,1,0,10,9,2,5,2,0,1,0,0,0,0,0,32,29,0.55,0.44,0.53,0.47
JAX,2021,4,0,0.061,0.056,21,24,343,204,139,0,3,0,8,12,0,1,0,0,0,0,0,0,0,1,24,30,0.45,0.55,0.6,0.4
JAX,2021,5,-2,0.042,0.048,20,31,471,273,198,1,2,0,12,9,1,1,1,0,0,0,0,0,0,3,32,31,0.54,0.46,0.41,0.59
JAX,2021,6,0,0.057,0.033,23,20,403,319,84,1,1,0,16,4,0,1,1,0,1,1,0,1,0,0,41,19,0.69,0.31,0.69,0.29
KC,2021,1,2,0.08,0.068,33,29,410,337,73,3,1,0,17,4,0,0,0,0,1,2,1,1,0,2,36,23,0.63,0.34,0.53,0.47
KC,2021,2,0,0.072,0.083,29,37,405,343,62,3,1,1,18,2,1,2,1,0,2,1,0,1,0,1,30,18,0.63,0.37,0.4,0.57
KC,2021,3,-4,0.054,0.042,24,30,446,260,186,3,0,0,17,12,2,2,2,0,0,1,0,1,0,1,42,30,0.61,0.39,0.65,0.34
KC,2021,4,-1,0.088,0.098,42,30,478,278,200,5,1,0,16,12,1,1,0,0,0,2,0,2,0,3,29,32,0.49,0.49,0.73,0.27
KC,2021,5,-4,0.054,0.027,21,32,392,272,120,2,0,0,16,8,2,2,2,0,0,0,0,0,0,0,52,23,0.71,0.29,0.48,0.46
KC,2021,6,-1,0.061,0.055,31,13,506,397,109,2,2,0,21,7,2,2,1,0,1,1,1,1,0,0,45,28,0.64,0.36,0.67,0.33
LA,2021,1,2,0.086,0.082,34,14,395,321,74,3,1,0,13,4,0,0,0,0,1,1,1,1,0,3,26,23,0.54,0.38,0.62,0.38
LA,2021,2,0,0.074,0.052,28,18,379,278,101,2,1,0,15,6,1,1,1,0,2,0,0,0,0,3,29,29,0.52,0.48,0.61,0.39
LA,2021,3,0,0.081,0.065,34,24,419,343,76,4,0,0,16,5,0,1,0,0,0,2,0,2,0,3,38,24,0.62,0.35,0.82,0.18
LA,2021,4,-2,0.05,0.032,20,37,401,280,121,2,0,0,13,8,1,1,1,0,0,1,0,1,0,3,40,23,0.64,0.34,0.47,0.51
LA,2021,5,1,0.054,0.046,26,17,483,365,118,1,2,0,16,8,1,1,0,0,2,0,0,0,0,2,36,29,0.57,0.42,0.58,0.42
LA,2021,6,2,0.099,0.081,38,11,382,251,131,4,1,0,15,6,2,1,0,0,3,2,1,2,0,4,28,34,0.48,0.5,0.76,0.24
LAC,2021,1,-1,0.047,0.027,20,16,427,337,90,1,1,0,20,6,1,2,1,0,0,3,1,3,0,1,46,29,0.63,0.33,0.45,0.55
LAC,2021,2,-1,0.039,0.017,17,20,433,338,95,1,0,0,13,7,2,0,0,0,1,1,0,1,0,2,39,20,0.68,0.32,0.48,0.52
LAC,2021,3,4,0.084,0.067,30,24,358,281,77,4,0,0,16,3,0,1,0,0,2,2,2,2,0,2,38,22,0.65,0.34,0.61,0.39
LAC,2021,4,1,0.072,0.055,28,14,390,222,168,3,1,0,13,11,0,1,0,0,1,1,0,1,0,4,39,34,0.55,0.43,0.68,0.32
LAC,2021,5,-1,0.092,0.104,47,42,510,398,112,4,3,0,14,9,0,2,1,0,0,1,0,1,0,1,43,24,0.66,0.33,0.48,0.51
LAC,2021,6,1,0.027,0.02,6,34,221,195,26,1,0,0,11,3,1,0,0,0,2,2,0,1,0,3,38,12,0.77,0.23,0.44,0.53
LV,2021,1,1,0.064,0.053,33,27,517,435,82,2,2,0,17,6,1,2,0,0,0,3,2,2,0,3,55,21,0.71,0.26,0.49,0.49
LV,2021,2,1,0.06,0.032,26,17,434,382,52,2,0,0,17,4,0,2,0,0,1,1,0,0,0,2,37,25,0.61,0.39,0.75,0.25
LV,2021,3,-1,0.057,0.039,30,22,526,386,140,2,1,0,18,7,1,2,0,0,0,2,0,1,1,2,42,35,0.57,0.41,0.65,0.34
LV,2021,4,-1,0.057,0.039,14,28,244,196,48,2,0,0,8,2,1,1,0,0,0,1,0,0,0,2,33,18,0.68,0.32,0.55,0.43
LV,2021,5,-1,0.032,0.018,9,20,277,206,71,0,1,0,7,6,1,0,0,0,0,1,0,0,0,2,34,22,0.64,0.36,0.37,0.62
LV,2021,6,4,0.08,0.08,34,24,427,341,86,2,2,0,11,4,0,1,0,0,3,1,1,1,0,5,27,23,0.56,0.42,0.7,0.3
MIA,2021,1,1,0.062,0.041,17,16,276,202,74,1,1,0,9,7,1,0,0,0,0,4,2,3,0,1,26,23,0.56,0.38,0.57,0.43
MIA,2021,2,1,0,0,,35,253,182,71,0,0,0,9,2,1,1,1,0,1,3,2,2,0,1,43,20,0.71,0.27,0.53,0.44
MIA,2021,3,1,0.063,0.026,22,30,348,215,133,0,2,1,13,5,0,2,0,1,1,2,0,1,0,3,49,27,0.65,0.34,0.57,0.41
MIA,2021,4,-1,0.073,0.043,17,27,234,199,35,2,0,0,10,2,0,3,2,0,0,1,1,0,0,2,30,16,0.67,0.33,0.51,0.45
MIA,2021,5,-2,0.054,0.043,17,45,314,275,39,2,0,0,13,2,1,1,1,0,0,0,0,0,0,2,38,9,0.82,0.18,0.63,0.31
MIA,2021,6,0,0.046,0.03,20,23,431,354,77,2,0,0,18,4,1,1,0,0,0,1,1,1,0,2,47,20,0.69,0.29,0.69,0.31
MIN,2021,1,-1,0.056,0.042,24,27,429,362,67,2,1,0,16,5,0,1,1,0,0,0,0,0,0,5,50,22,0.69,0.29,0.46,0.53
MIN,2021,2,2,0.064,0.051,27,35,421,244,177,3,0,1,10,11,0,2,0,0,2,1,0,1,0,3,32,27,0.55,0.45,0.65,0.35
MIN,2021,3,0,0.065,0.042,30,17,463,323,140,3,0,0,20,7,0,1,0,0,0,0,0,0,0,2,38,34,0.53,0.47,0.65,0.35
MIN,2021,4,-1,0.026,0.017,7,14,268,203,65,1,0,0,10,4,1,0,0,0,0,0,0,0,0,3,37,23,0.63,0.35,0.49,0.51
MIN,2021,5,0,0.048,0.016,19,17,395,275,120,1,0,0,12,5,1,1,1,0,1,1,1,1,0,4,33,28,0.55,0.44,0.62,0.38
MIN,2021,6,2,0.07,0.059,40,22,571,373,198,3,2,0,16,10,0,3,1,0,1,3,2,3,0,4,48,37,0.56,0.43,0.67,0.32
NE,2021,1,-1,0.039,0.014,16,17,406,281,125,1,0,0,14,8,0,4,2,0,1,0,0,0,0,2,39,30,0.57,0.43,0.56,0.38
NE,2021,2,4,0.087,0.037,25,6,287,186,101,0,2,0,9,6,0,1,0,0,4,0,0,0,0,4,30,24,0.58,0.42,0.54,0.44
NE,2021,3,-3,0.044,0.015,14,22,319,270,49,1,0,0,10,5,3,0,0,0,0,0,0,0,0,3,48,17,0.76,0.24,0.39,0.58
NE,2021,4,-2,0.053,0.041,17,19,319,320,-1,2,0,0,16,1,1,1,1,0,0,0,0,0,0,1,41,8,0.85,0.13,0.59,0.36
NE,2021,5,-1,0.07,0.034,25,22,357,231,126,1,1,0,12,6,1,1,1,0,0,1,1,0,0,3,29,30,0.49,0.49,0.57,0.43
NE,2021,6,0,0.086,0.085,30,29,349,229,120,2,2,0,9,6,1,2,1,0,1,1,1,1,0,0,20,27,0.47,0.49,0.63,0.37
NO,2021,1,3,0.118,0.083,38,3,322,151,171,5,0,0,10,11,0,0,0,0,2,1,1,1,0,2,21,39,0.35,0.62,0.71,0.29
NO,2021,2,-1,0.044,0.027,7,26,159,111,48,0,1,0,3,2,2,0,0,0,1,1,0,0,0,2,20,17,0.6,0.37,0.55,0.45
NO,2021,3,3,0.081,0.051,22,14,270,128,142,2,1,1,9,10,0,0,0,0,3,0,0,0,0,2,21,38,0.39,0.58,0.76,0.24
NO,2021,4,0,0.052,0.047,21,27,405,235,170,1,2,0,12,9,1,0,0,0,1,2,0,2,0,0,25,39,0.4,0.6,0.66,0.34
NO,2021,5,0,0.088,0.096,33,22,377,279,98,4,1,0,12,5,1,1,1,0,2,0,0,0,0,2,29,23,0.58,0.4,0.57,0.43
NO,2021,7,-1,0.041,0.015,13,10,316,222,94,1,0,0,10,7,0,2,1,0,0,0,0,0,0,5,35,31,0.54,0.43,0.49,0.49
NYG,2021,1,0,0.04,0.035,13,27,327,267,60,1,1,0,13,3,0,1,1,0,0,1,1,1,0,2,37,20,0.64,0.32,0.58,0.42
NYG,2021,2,1,0.07,0.033,29,30,412,249,163,1,1,0,10,7,0,0,0,0,1,0,0,0,0,1,32,28,0.56,0.42,0.67,0.32
NYG,2021,3,0,0.038,0.016,14,17,366,266,100,0,1,0,12,7,0,3,1,0,0,1,1,1,0,3,35,28,0.57,0.42,0.66,0.34
NYG,2021,4,0,0.056,0.05,27,21,485,402,83,2,1,0,17,4,1,2,0,0,1,0,0,0,0,0,39,21,0.66,0.34,0.4,0.6
NYG,2021,5,0,0.057,0.032,21,38,367,294,73,1,1,0,15,3,2,1,0,0,1,2,1,1,0,2,37,25,0.61,0.39,0.47,0.53
NYG,2021,6,-2,0.036,0.015,11,38,302,242,60,0,1,0,15,4,3,2,1,0,2,1,0,0,0,2,48,18,0.76,0.24,0.48,0.5
NYJ,2021,1,0,0.046,0.037,14,19,303,258,45,2,0,0,10,4,1,1,0,0,0,1,1,0,0,1,36,18,0.71,0.29,0.57,0.38
NYJ,2021,2,-4,0.017,0,6,25,362,210,152,0,0,0,6,9,4,0,0,0,0,1,0,1,0,3,29,31,0.54,0.44,0.58,0.42
NYJ,2021,3,-1,0,0,,26,203,160,43,0,0,0,10,1,2,0,0,0,0,1,1,1,0,2,33,13,0.75,0.25,0.42,0.56
NYJ,2021,4,-1,0.074,0.052,27,24,363,297,66,2,1,0,11,4,1,3,0,0,0,1,0,0,0,7,33,25,0.58,0.4,0.61,0.39
NYJ,2021,5,1,0.078,0.041,20,27,256,192,64,0,2,0,9,6,1,1,0,0,0,3,2,3,0,0,31,18,0.66,0.34,0.61,0.37
NYJ,2021,7,-3,0.041,0.034,13,54,315,253,62,1,1,0,13,3,2,1,1,0,0,0,0,0,0,1,40,18,0.71,0.29,0.57,0.39
PHI,2021,1,0,0.073,0.06,32,6,437,264,173,3,1,0,13,10,0,2,0,0,0,1,0,0,0,3,35,32,0.51,0.47,0.59,0.41
PHI,2021,2,0,0.032,0.019,11,17,341,190,151,0,1,0,7,8,0,1,0,0,0,2,0,1,0,0,24,30,0.46,0.52,0.44,0.51
PHI,2021,3,-1,0.041,0.041,16,36,390,326,64,2,0,1,11,1,2,0,0,0,0,2,1,1,0,4,37,12,0.77,0.23,0.42,0.54
PHI,2021,4,1,0.061,0.045,30,42,490,387,103,2,1,0,19,9,0,2,0,0,1,1,0,1,0,1,48,19,0.73,0.27,0.49,0.49
PHI,2021,5,1,0.073,0.034,21,16,289,198,91,0,2,0,8,6,1,2,1,1,3,0,0,0,0,3,36,22,0.65,0.32,0.57,0.43
PHI,2021,6,0,0.102,0.068,22,28,215,115,100,1,2,0,5,8,1,0,0,0,1,0,0,0,0,0,25,19,0.6,0.4,0.58,0.38
PIT,2021,1,1,0.065,0.019,17,22,263,188,75,1,0,0,9,4,0,1,0,0,0,4,1,4,0,3,32,21,0.62,0.33,0.68,0.32
PIT,2021,2,-1,0.051,0.038,17,26,334,295,39,1,1,0,13,3,1,1,0,0,0,2,0,1,0,2,39,14,0.75,0.25,0.61,0.39
PIT,2021,3,-1,0.028,0.014,10,24,363,318,45,1,0,0,16,2,2,1,0,0,1,0,0,0,0,0,56,15,0.81,0.19,0.43,0.5
PIT,2021,4,-1,0.058,0.036,17,27,294,232,62,1,1,0,11,5,1,1,1,0,0,1,1,1,0,3,39,16,0.72,0.28,0.54,0.43
PIT,2021,5,0,0.068,0.05,27,19,400,253,147,2,1,0,12,5,0,1,1,0,1,0,0,0,0,2,25,35,0.43,0.56,0.69,0.31
PIT,2021,6,0,0.066,0.029,23,20,348,229,119,1,1,0,14,6,0,1,1,0,0,3,1,3,0,5,40,30,0.58,0.41,0.56,0.41
SEA,2021,1,0,0.071,0.08,28,16,394,254,140,4,0,0,12,6,0,1,1,0,0,1,1,0,0,3,23,27,0.49,0.51,0.57,0.43
SEA,2021,2,1,0.071,0.082,30,33,420,343,77,2,2,0,10,5,0,0,0,0,0,1,1,1,0,3,31,18,0.65,0.35,0.52,0.47
SEA,2021,3,0,0.042,0.04,17,30,404,298,106,1,1,0,14,6,0,0,0,0,0,1,0,1,0,1,32,18,0.65,0.35,0.53,0.47
SEA,2021,4,2,0.11,0.078,28,21,254,149,105,2,2,0,6,7,0,2,0,0,1,2,1,1,0,2,23,28,0.48,0.48,0.59,0.41
SEA,2021,5,-1,0.045,0.036,17,26,375,283,92,2,0,0,13,5,2,0,0,0,1,1,0,0,0,1,31,25,0.58,0.42,0.57,0.42
SEA,2021,6,0,0.057,0.034,20,23,353,209,144,1,1,0,9,8,0,3,1,0,0,1,1,0,0,1,32,27,0.56,0.41,0.58,0.41
SF,2021,1,-1,0.078,0.074,35,34,450,319,131,2,2,1,13,6,0,2,2,0,1,0,0,0,0,3,26,28,0.47,0.49,0.72,0.28
SF,2021,2,0,0.056,0.029,17,11,306,189,117,1,1,0,9,10,0,2,0,0,0,1,0,1,0,2,30,38,0.44,0.51,0.46,0.52
SF,2021,3,-2,0.088,0.067,28,30,320,257,63,2,2,0,15,6,1,2,1,0,0,1,0,1,0,1,39,21,0.68,0.32,0.54,0.42
SF,2021,4,-2,0.045,0.043,21,28,465,322,143,3,0,0,15,7,1,2,1,0,0,2,0,2,0,3,40,30,0.59,0.41,0.48,0.48
SF,2021,5,0,0.029,0.018,10,17,344,192,152,0,1,0,9,7,1,0,0,0,0,4,1,1,0,2,28,28,0.53,0.47,0.55,0.4
SF,2021,7,-2,0.062,0.041,18,30,292,181,111,1,1,0,8,5,2,3,2,0,0,4,2,3,0,1,25,24,0.56,0.43,0.46,0.54
TB,2021,1,-3,0.072,0.065,31,29,431,379,52,4,0,0,22,1,2,2,2,0,1,1,0,0,0,1,48,14,0.78,0.22,0.77,0.23
TB,2021,2,2,0.101,0.088,36,27,358,276,82,5,0,2,14,5,0,2,1,0,3,1,0,0,0,1,36,21,0.65,0.3,0.7,0.3
TB,2021,3,0,0.051,0.044,24,34,467,432,35,1,2,0,24,3,0,2,0,0,0,1,0,1,0,1,55,13,0.82,0.18,0.62,0.35
TB,2021,4,2,0.049,0.014,19,17,389,269,120,0,1,0,12,8,0,0,0,0,1,1,1,1,0,4,43,30,0.59,0.36,0.85,0.13
TB,2021,5,2,0.079,0.087,45,17,573,452,121,5,1,0,26,5,0,0,0,0,1,1,1,1,0,3,44,25,0.63,0.31,0.82,0.18
TB,2021,6,0,0.07,0.056,28,22,399,297,102,2,2,0,17,8,1,0,0,0,1,0,0,0,0,2,41,31,0.58,0.38,0.6,0.4
TEN,2021,1,-2,0.043,0.035,13,38,304,218,86,1,1,0,12,5,1,2,2,0,1,1,0,0,0,2,35,22,0.66,0.34,0.51,0.49
TEN,2021,2,-1,0.059,0.038,33,30,559,347,212,0,3,0,16,11,0,1,1,0,0,0,0,0,0,3,40,40,0.52,0.47,0.65,0.35
TEN,2021,3,-3,0.066,0.048,25,16,377,197,180,3,0,0,11,10,2,2,1,0,0,0,0,0,0,2,25,38,0.42,0.55,0.68,0.32
TEN,2021,4,1,0.051,0.023,24,27,475,298,177,1,1,0,17,10,0,1,0,0,1,3,0,2,0,1,49,37,0.61,0.39,0.58,0.4
TEN,2021,5,2,0.081,0.069,31,20,381,197,184,1,3,1,10,12,0,0,0,0,1,1,1,1,0,2,22,36,0.41,0.59,0.54,0.46
TEN,2021,6,0,0.094,0.08,34,31,362,216,146,0,4,0,9,6,1,0,0,0,1,1,0,1,0,3,28,22,0.57,0.41,0.69,0.31
WAS,2021,1,1,0.061,0.021,16,20,261,135,126,1,0,0,6,6,0,3,1,0,1,2,1,1,0,2,21,27,0.45,0.55,0.63,0.33
WAS,2021,2,-1,0.071,0.045,30,29,423,336,87,2,1,0,13,8,1,0,0,0,0,0,0,0,0,4,45,22,0.67,0.32,0.56,0.42
WAS,2021,3,-3,0.072,0.064,21,43,290,212,78,2,1,0,8,3,2,2,1,0,0,0,0,0,0,0,22,25,0.5,0.5,0.58,0.38
WAS,2021,4,0,0.083,0.081,34,30,412,290,122,3,2,0,16,8,0,0,0,0,0,1,0,1,0,1,33,29,0.55,0.44,0.6,0.39
WAS,2021,5,0,0.058,0.028,22,33,379,248,131,0,2,0,11,11,2,0,0,0,1,1,1,1,0,2,39,33,0.57,0.43,0.58,0.4
WAS,2021,6,1,0.047,0.018,13,31,276,182,94,1,0,0,8,6,1,1,1,0,2,2,1,1,0,3,38,19,0.67,0.33,0.64,0.36
ARI,2022,1,1,0.068,0.05,21,44,308,205,103,2,1,0,12,6,0,3,0,0,0,5,1,3,0,0,38,22,0.66,0.32,0.59,0.41
ARI,2022,2,0,0.055,0.039,23,24,420,277,143,1,2,1,13,11,1,0,0,0,0,2,1,2,0,1,48,29,0.64,0.36,0.66,0.34
ARI,2022,3,1,0.031,0,12,20,384,314,70,0,0,0,15,8,0,1,0,0,0,1,1,1,0,1,58,21,0.74,0.26,0.57,0.39
ARI,2022,4,2,0.08,0.044,27,10,339,207,132,2,1,0,10,8,1,3,0,0,2,1,1,0,0,2,31,37,0.48,0.48,0.75,0.25
ARI,2022,5,-1,0.045,0.03,17,20,374,250,124,1,1,0,16,7,1,1,0,0,0,0,0,0,0,2,41,26,0.59,0.38,0.54,0.45
ARI,2022,6,-1,0.008,0,3,20,366,222,144,0,0,1,10,5,1,3,1,0,0,2,1,1,0,5,36,28,0.61,0.39,0.55,0.45
ATL,2022,1,-1,0.063,0.028,26,27,416,215,201,0,2,0,8,13,0,3,2,0,0,1,1,1,0,4,33,38,0.45,0.54,0.63,0.34
ATL,2022,2,0,0.066,0.039,19,37,286,196,90,2,0,0,11,4,2,2,1,0,2,1,1,1,1,1,24,27,0.53,0.47,0.59,0.41
ATL,2022,3,-1,0.066,0.06,27,23,408,229,179,1,2,0,13,8,1,2,1,0,1,0,0,0,0,2,19,31,0.43,0.54,0.67,0.33
ATL,2022,4,1,0.067,0.038,23,20,341,139,202,0,2,0,6,11,1,1,0,0,1,1,1,1,0,1,18,35,0.36,0.58,0.51,0.49
ATL,2022,5,0,0.05,0.036,15,21,298,147,151,1,1,0,7,10,0,1,0,0,0,0,0,0,0,0,25,31,0.5,0.5,0.7,0.26
ATL,2022,6,3,0.074,0.056,22,15,297,129,168,2,1,1,7,10,0,0,0,0,2,1,1,1,0,0,14,40,0.29,0.71,0.72,0.28
BAL,2022,1,1,0.087,0.06,24,9,276,213,63,3,0,0,8,4,1,1,0,0,1,2,1,2,0,3,29,21,0.6,0.36,0.78,0.22
BAL,2022,2,2,0.08,0.093,38,42,473,318,155,3,2,0,13,6,0,1,0,0,2,0,0,0,0,1,29,25,0.54,0.46,0.74,0.26
BAL,2022,3,2,0.091,0.093,37,26,406,218,188,4,1,0,11,8,1,2,1,0,3,2,1,2,0,3,28,26,0.56,0.39,0.56,0.44
BAL,2022,4,0,0.065,0.033,20,23,306,144,162,1,1,0,7,13,2,0,0,0,1,2,1,1,0,1,27,33,0.48,0.5,0.6,0.37
BAL,2022,5,0,0.058,0.017,19,17,329,174,155,1,0,0,7,13,1,1,0,0,1,0,0,0,0,3,31,28,0.54,0.44,0.64,0.36
BAL,2022,6,-1,0.048,0.036,20,24,421,210,211,1,1,0,13,10,1,2,1,0,0,1,1,1,0,4,31,24,0.59,0.41,0.5,0.45
BUF,2022,1,-1,0.074,0.074,31,10,418,297,121,3,1,0,15,7,2,2,2,0,3,1,0,0,0,7,29,25,0.57,0.41,0.73,0.27
BUF,2022,2,2,0.084,0.063,35,8,418,317,101,4,0,1,13,6,0,2,1,0,2,1,1,0,0,2,40,24,0.63,0.34,0.49,0.51
BUF,2022,3,-1,0.033,0.023,17,21,515,400,115,2,0,0,21,9,0,3,1,0,0,1,0,0,1,2,63,23,0.73,0.26,0.56,0.44
BUF,2022,4,0,0.068,0.033,23,20,338,213,125,1,1,0,14,7,1,2,1,0,2,0,0,0,0,2,35,25,0.6,0.37,0.48,0.5
BUF,2022,5,0,0.069,0.094,38,3,552,432,120,4,1,0,15,4,1,1,1,0,1,1,1,0,0,3,35,18,0.67,0.28,0.76,0.24
BUF,2022,6,1,0.053,0.042,24,20,454,329,125,3,0,0,18,7,0,2,1,0,2,0,0,0,0,3,40,31,0.57,0.4,0.7,0.3
CAR,2022,1,-1,0.083,0.067,24,26,289,235,54,1,2,0,7,5,1,6,0,0,0,0,0,0,0,1,26,19,0.62,0.36,0.45,0.53
CAR,2022,2,-2,0.055,0.019,16,19,291,145,146,1,0,0,7,7,0,3,2,0,0,0,0,0,0,3,29,23,0.57,0.43,0.53,0.44
CAR,2022,3,3,0.051,0.018,16,15,315,170,145,1,0,1,5,7,0,0,0,0,2,3,1,1,0,1,25,32,0.47,0.52,0.66,0.34
CAR,2022,4,-2,0.042,0.021,10,27,237,197,40,1,0,1,8,3,2,1,1,0,1,3,0,2,0,1,34,13,0.75,0.25,0.48,0.48
CAR,2022,5,0,0.047,0.017,16,31,339,275,64,0,1,0,10,4,1,0,0,0,0,3,1,2,0,2,41,18,0.73,0.27,0.52,0.44
CAR,2022,6,0,0.019,0,4,25,212,119,93,0,0,1,5,3,1,0,0,0,1,0,0,0,0,1,20,21,0.52,0.45,0.54,0.43
CHI,2022,1,1,0.086,0.057,19,10,220,121,99,2,1,0,4,6,1,0,0,0,1,2,1,1,0,2,16,37,0.34,0.61,0.45,0.55
CHI,2022,2,0,0.04,0.027,10,27,250,70,180,0,1,0,2,9,1,2,0,0,0,2,1,0,0,3,10,27,0.34,0.66,0.42,0.56
CHI,2022,3,0,0.059,0.036,23,20,387,106,281,0,2,0,5,12,2,3,0,0,2,2,0,2,0,1,15,40,0.35,0.61,0.58,0.42
CHI,2022,4,-1,0.037,0,12,20,323,174,149,0,0,0,6,7,0,3,3,0,1,2,1,1,0,1,22,32,0.47,0.53,0.28,0.72
CHI,2022,5,0,0.077,0.044,22,29,286,208,78,1,1,0,9,4,0,4,1,0,1,0,0,0,0,1,21,24,0.5,0.5,0.57,0.39
CHI,2022,6,0,0.016,0.016,7,12,427,190,237,1,0,0,9,9,1,1,0,0,0,2,1,1,0,3,26,37,0.46,0.54,0.48,0.52
CIN,2022,1,-5,0.045,0.024,21,17,471,338,133,2,0,0,22,5,4,2,1,0,0,1,0,1,0,1,49,34,0.64,0.36,0.62,0.34
CIN,2022,2,1,0.059,0.016,17,20,288,199,89,1,0,0,13,3,0,1,0,0,0,1,1,1,0,1,36,25,0.63,0.35,0.53,0.46
CIN,2022,3,3,0.078,0.047,27,12,344,275,69,3,0,0,12,6,0,1,1,0,2,4,2,4,0,4,36,28,0.58,0.39,0.74,0.26
CIN,2022,4,2,0.072,0.048,27,15,377,310,67,2,1,0,11,4,0,0,0,0,2,0,0,0,0,1,32,30,0.52,0.43,0.63,0.37
CIN,2022,5,0,0.053,0.036,17,19,318,217,101,1,1,0,10,7,1,0,0,0,1,1,0,0,0,1,34,21,0.64,0.36,0.54,0.44
CIN,2022,6,1,0.08,0.078,30,26,375,300,75,3,1,0,13,7,0,0,0,0,0,1,1,1,0,1,37,14,0.75,0.24,0.52,0.48
CLE,2022,1,1,0.071,0.027,26,24,364,147,217,1,1,0,7,11,0,0,0,0,1,6,0,1,0,4,34,39,0.45,0.53,0.62,0.36
CLE,2022,2,0,0.073,0.063,30,31,413,229,184,1,3,0,15,12,1,0,0,0,0,2,1,2,0,2,26,37,0.43,0.55,0.7,0.28
CLE,2022,3,1,0.059,0.043,23,18,391,220,171,2,1,1,12,10,0,0,0,0,0,2,1,1,0,1,31,38,0.46,0.54,0.6,0.4
CLE,2022,4,-1,0.049,0.029,20,23,411,234,177,0,2,0,9,13,1,1,1,0,1,1,0,0,0,1,34,35,0.51,0.49,0.36,0.58
CLE,2022,5,-1,0.063,0.063,28,30,443,230,213,1,3,0,15,11,1,0,0,0,0,0,0,0,0,1,33,31,0.52,0.48,0.51,0.46
CLE,2022,6,-1,0.045,0.016,15,38,336,266,70,1,0,0,12,2,2,2,1,0,0,2,2,1,0,2,43,18,0.74,0.26,0.55,0.4
DAL,2022,1,0,0.011,0,3,19,269,198,71,0,0,0,8,4,1,0,0,0,1,0,0,0,0,2,41,18,0.72,0.27,0.47,0.5
DAL,2022,2,-1,0.058,0.034,20,17,342,235,107,1,1,0,11,7,0,1,1,0,0,1,0,1,0,6,31,27,0.53,0.46,0.63,0.35
DAL,2022,3,1,0.059,0.033,23,16,391,215,176,1,1,0,12,9,0,0,0,0,1,0,0,0,0,5,31,30,0.51,0.46,0.63,0.37
DAL,2022,4,2,0.088,0.036,25,10,285,223,62,2,0,0,9,2,0,0,0,0,2,1,0,1,0,2,27,29,0.49,0.51,0.62,0.38
DAL,2022,5,3,0.06,0.02,16,11,265,102,163,0,1,1,4,6,0,2,0,0,1,2,2,2,0,5,16,35,0.35,0.59,0.77,0.23
DAL,2022,6,-3,0.054,0.033,17,26,315,181,134,1,1,0,12,8,3,0,0,0,0,1,0,0,0,4,35,26,0.59,0.41,0.42,0.55
DEN,2022,1,-1,0.036,0.016,16,17,443,340,103,1,0,0,13,5,0,2,2,0,0,3,1,3,0,2,42,20,0.69,0.31,0.61,0.33
DEN,2022,2,-1,0.043,0.016,16,9,368,219,149,1,0,0,11,5,1,0,0,0,0,2,0,2,0,3,30,31,0.52,0.46,0.69,0.29
DEN,2022,3,3,0.032,0.015,9,10,285,184,101,0,1,0,8,5,0,3,0,0,1,2,2,1,1,4,33,33,0.54,0.42,0.63,0.37
DEN,2022,4,-1,0.075,0.067,24,26,322,237,85,2,1,0,7,5,0,1,1,0,0,0,0,0,0,2,25,20,0.58,0.42,0.49,0.49
DEN,2022,5,0,0.023,0,9,12,399,274,125,0,0,0,11,6,2,3,0,0,2,3,0,3,0,6,37,28,0.61,0.37,0.63,0.36
DEN,2022,6,2,0.056,0.02,16,19,286,188,98,1,0,0,8,3,0,0,0,0,1,3,1,1,0,2,28,23,0.58,0.42,0.71,0.29
DET,2022,1,-1,0.091,0.078,36,32,396,215,181,2,3,0,12,9,1,1,0,0,0,0,0,0,0,1,36,28,0.58,0.41,0.46,0.53
DET,2022,2,1,0.076,0.069,34,27,447,256,191,4,0,0,12,5,0,0,0,0,1,1,0,1,1,5,34,24,0.61,0.36,0.72,0.28
DET,2022,3,0,0.058,0.04,24,28,416,277,139,1,2,0,14,6,1,1,0,0,0,1,1,0,0,1,40,35,0.53,0.46,0.61,0.36
DET,2022,4,-3,0.087,0.092,46,42,529,384,145,4,2,0,19,6,1,2,2,0,0,0,0,0,0,0,39,26,0.62,0.38,0.48,0.49
DET,2022,5,-1,0.003,0,1,23,330,229,101,0,0,0,9,6,1,1,1,0,1,1,0,0,0,0,34,27,0.58,0.41,0.38,0.59
DET,2022,7,-4,0.017,0,6,24,345,228,117,0,0,0,11,6,2,5,3,0,0,1,1,1,0,2,24,25,0.55,0.45,0.46,0.51
GB,2022,1,-2,0.019,0.018,7,23,371,260,111,0,1,0,13,8,1,1,1,0,0,0,0,0,0,1,38,18,0.69,0.28,0.54,0.46
GB,2022,2,0,0.062,0.048,27,10,437,234,203,2,1,0,10,13,0,2,1,0,1,2,0,0,0,3,25,38,0.42,0.56,0.34,0.66
GB,2022,3,0,0.043,0.034,14,12,322,255,67,2,0,0,11,3,1,2,1,0,0,3,2,2,0,3,34,25,0.59,0.39,0.77,0.22
GB,2022,4,-1,0.062,0.043,28,18,450,251,199,2,1,0,12,10,1,2,1,0,0,1,1,1,0,4,34,35,0.51,0.49,0.43,0.57
GB,2022,5,0,0.063,0.034,20,27,316,222,94,2,0,0,15,5,0,2,0,0,0,1,0,1,1,1,39,20,0.67,0.33,0.47,0.47
GB,2022,6,-1,0.051,0.031,16,21,314,254,60,1,1,0,9,3,0,2,1,0,0,0,0,0,0,2,45,20,0.71,0.29,0.38,0.57
HOU,2022,1,1,0.063,0.031,20,20,317,240,77,2,0,0,12,4,0,2,1,0,1,4,1,1,0,2,37,28,0.59,0.4,0.58,0.42
HOU,2022,2,1,0.035,0,9,16,257,177,80,0,0,0,6,7,0,2,0,0,1,0,0,0,0,3,38,18,0.69,0.29,0.52,0.46
HOU,2022,3,0,0.059,0.037,20,23,337,245,92,1,1,0,9,6,2,2,0,0,2,3,0,1,0,5,30,24,0.58,0.42,0.35,0.61
HOU,2022,4,-1,0.064,0.064,24,34,377,246,131,2,1,0,11,2,2,1,0,0,0,2,1,1,0,1,33,14,0.74,0.26,0.6,0.34
HOU,2022,5,2,0.051,0.018,13,6,256,140,116,0,1,0,6,7,0,0,0,0,2,0,0,0,0,0,24,31,0.45,0.54,0.63,0.36
HOU,2022,7,-1,0.051,0.032,21,32,410,302,108,2,0,0,12,9,1,1,0,0,0,1,0,0,0,1,40,23,0.65,0.35,0.51,0.45
IND,2022,1,-1,0.038,0.023,20,20,529,352,177,1,1,0,20,11,1,4,1,0,0,2,1,2,0,3,49,38,0.58,0.42,0.59,0.4
IND,2022,2,-3,0,0,,24,249,195,54,0,0,0,6,3,3,1,0,0,0,1,0,0,0,0,27,13,0.73,0.27,0.45,0.54
IND,2022,3,-1,0.066,0.031,20,17,304,222,82,2,0,0,12,5,0,3,2,0,1,1,0,0,0,1,37,27,0.61,0.38,0.62,0.38
IND,2022,4,-3,0.043,0.034,17,24,394,356,38,2,0,0,17,3,1,3,2,0,0,0,0,0,0,3,36,23,0.63,0.37,0.46,0.48
IND,2022,5,0,0.034,0,12,9,357,251,106,0,0,0,14,4,2,3,0,0,2,3,0,2,0,4,39,26,0.63,0.36,0.61,0.37
IND,2022,6,1,0.078,0.053,34,27,434,389,45,3,1,0,22,4,0,1,0,0,0,2,1,1,0,4,58,17,0.78,0.22,0.45,0.53
JAX,2022,1,2,0.055,0.034,22,28,398,275,123,1,1,0,13,6,1,1,0,0,2,1,1,1,0,1,41,18,0.71,0.29,0.61,0.35
JAX,2022,2,3,0.073,0.045,24,,331,235,96,2,1,0,14,6,0,1,0,0,3,1,0,1,0,5,30,37,0.45,0.54,0.73,0.27
JAX,2022,3,2,0.092,0.053,38,10,413,262,151,3,1,0,16,8,0,0,0,0,1,1,1,1,0,1,39,36,0.53,0.45,0.79,0.21
JAX,2022,4,-4,0.061,0.049,15,30,245,174,71,2,0,1,9,3,1,5,4,0,1,1,0,0,0,2,22,19,0.59,0.41,0.36,0.6
JAX,2022,5,-2,0.014,0,6,13,422,286,136,0,0,0,15,6,2,0,0,0,0,0,0,0,0,1,45,26,0.63,0.36,0.45,0.54
JAX,2022,6,-1,0.066,0.073,27,34,408,165,243,1,3,0,8,13,0,2,1,0,0,1,0,1,0,0,22,33,0.45,0.53,0.78,0.22
KC,2022,1,-1,0.09,0.091,44,21,488,360,128,5,1,0,22,7,0,5,1,0,0,3,0,1,0,3,39,27,0.59,0.41,0.66,0.32
KC,2022,2,1,0.064,0.038,21,25,328,235,93,2,0,1,11,2,0,0,0,0,1,0,0,0,0,2,35,18,0.67,0.3,0.68,0.31
KC,2022,3,1,0.053,0.034,17,20,320,262,58,1,1,0,12,6,1,1,0,0,0,3,2,2,0,5,35,23,0.62,0.38,0.61,0.38
KC,2022,4,1,0.094,0.068,41,31,438,249,189,3,2,0,17,8,1,0,0,0,0,2,2,2,0,1,36,37,0.52,0.48,0.9,0.1
KC,2022,5,0,0.076,0.061,30,29,395,292,103,4,0,0,18,7,0,0,0,0,0,1,0,1,0,2,43,23,0.67,0.31,0.56,0.44
KC,2022,6,-1,0.049,0.036,20,24,406,338,68,2,0,0,16,4,2,0,0,0,0,2,1,0,0,1,38,18,0.7,0.3,0.57,0.4
LA,2022,1,1,0.034,0.018,10,31,292,240,52,1,0,0,14,3,3,1,0,0,2,2,2,2,0,2,38,18,0.73,0.27,0.57,0.41
LA,2022,2,0,0.11,0.083,37,19,337,272,65,3,2,0,16,6,2,1,1,1,2,2,1,1,0,3,34,26,0.59,0.41,0.53,0.47
LA,2022,3,-1,0.057,0.044,20,12,349,249,100,0,2,0,10,5,0,1,1,0,0,1,0,0,0,2,25,20,0.57,0.39,0.74,0.26
LA,2022,4,-2,0.032,0,10,18,311,254,57,0,0,0,16,3,1,1,1,0,0,1,0,1,0,0,47,18,0.75,0.25,0.55,0.45
LA,2022,5,-3,0.031,0.017,11,16,358,320,38,1,0,0,10,2,1,2,2,0,0,2,0,2,0,3,43,15,0.77,0.23,0.35,0.59
LA,2022,6,0,0.069,0.049,25,4,364,253,111,1,2,0,16,5,1,0,0,0,1,0,0,0,0,2,32,29,0.54,0.43,0.52,0.45
LAC,2022,1,3,0.068,0.046,24,19,355,279,76,3,0,0,12,5,0,1,0,0,3,3,0,3,0,6,34,31,0.52,0.45,0.77,0.23
LAC,2022,2,-1,0.061,0.042,25,21,409,334,75,3,0,0,15,5,1,0,0,0,0,0,0,0,0,1,47,24,0.68,0.31,0.67,0.3
LAC,2022,3,-2,0.031,0.018,10,38,323,297,26,1,0,0,13,2,1,1,1,0,0,0,0,0,0,0,44,12,0.79,0.21,0.53,0.45
LAC,2022,4,1,0.081,0.061,34,24,421,340,81,2,2,0,15,5,0,2,1,0,2,1,0,1,0,4,39,27,0.6,0.34,0.74,0.26
LAC,2022,5,1,0.064,0.044,30,28,466,228,238,1,2,0,13,9,0,0,0,0,1,0,0,0,0,0,34,34,0.51,0.46,0.52,0.48
LAC,2022,6,-2,0.061,0.013,19,16,311,238,73,0,1,0,10,7,1,3,1,0,0,0,0,0,0,4,56,24,0.71,0.29,0.58,0.42
LV,2022,1,-3,0.053,0.043,19,24,359,295,64,2,0,0,17,1,3,3,0,0,0,1,0,1,0,0,34,13,0.77,0.23,0.52,0.45
LV,2022,2,0,0.072,0.033,24,23,332,252,80,2,0,0,14,4,0,2,1,0,1,0,0,0,0,1,39,21,0.66,0.34,0.64,0.36
LV,2022,3,0,0.055,0.032,22,24,403,307,96,2,0,0,14,7,1,1,0,0,1,1,0,1,0,1,44,19,0.71,0.29,0.51,0.45
LV,2022,4,1,0.065,0.028,26,24,400,188,212,0,2,1,11,14,0,0,0,0,0,1,1,1,0,3,34,38,0.49,0.49,0.58,0.42
LV,2022,5,0,0.073,0.055,29,30,396,241,155,2,1,0,6,9,0,1,0,0,0,0,0,0,0,3,30,25,0.56,0.44,0.67,0.31
LV,2022,7,1,0.079,0.074,32,21,405,241,164,1,3,1,13,11,0,1,0,0,1,1,0,0,0,1,27,27,0.51,0.45,0.65,0.35
MIA,2022,1,3,0.042,0.018,14,8,335,270,65,1,0,1,13,3,0,2,0,0,1,2,2,2,0,2,33,23,0.61,0.36,0.59,0.39
MIA,2022,2,-2,0.076,0.091,42,38,555,469,86,6,0,0,22,5,2,0,0,0,0,1,0,0,0,0,48,18,0.74,0.26,0.54,0.46
MIA,2022,3,1,0.093,0.081,21,17,227,186,41,1,2,0,8,4,0,1,0,1,0,3,1,2,0,4,20,17,0.56,0.44,0.73,0.26
MIA,2022,4,-2,0.039,0.018,15,27,388,303,85,1,0,0,13,3,2,0,0,0,0,0,0,0,0,1,35,22,0.63,0.37,0.52,0.43
MIA,2022,5,-2,0.056,0.034,17,38,303,166,137,0,2,0,8,8,1,1,1,1,0,0,0,0,0,2,33,26,0.58,0.42,0.41,0.54
MIA,2022,6,-3,0.033,0.031,16,24,491,418,73,2,0,0,18,5,2,1,1,0,0,2,0,1,0,3,45,20,0.73,0.27,0.67,0.29
MIN,2022,1,2,0.057,0.033,23,7,403,277,126,2,0,0,12,7,0,0,0,0,1,1,1,1,0,4,32,28,0.54,0.46,0.69,0.28
MIN,2022,2,-2,0.025,0.019,7,24,283,221,62,1,0,0,16,3,3,1,0,0,1,1,0,0,0,3,43,11,0.81,0.19,0.5,0.5
MIN,2022,3,0,0.073,0.061,28,24,383,260,123,2,2,0,16,9,0,1,1,0,1,1,0,0,0,0,41,25,0.61,0.36,0.53,0.46
MIN,2022,4,-1,0.076,0.032,28,25,367,286,81,1,1,0,15,3,1,1,1,0,0,1,1,1,0,2,38,25,0.63,0.37,0.53,0.47
MIN,2022,5,0,0.067,0.056,29,22,436,319,117,1,3,0,18,10,1,0,0,0,0,4,1,3,0,2,41,31,0.57,0.39,0.5,0.5
MIN,2022,6,3,0.095,0.064,24,16,253,175,78,2,1,0,7,2,0,2,0,0,2,1,1,1,0,6,30,17,0.67,0.29,0.73,0.27
NE,2022,1,-3,0.027,0.02,8,14,291,213,78,1,0,0,10,5,1,2,2,0,0,2,0,2,0,3,29,22,0.59,0.39,0.61,0.36
NE,2022,2,-1,0.045,0.031,17,14,376,252,124,1,1,0,10,8,1,1,1,0,1,0,0,0,0,3,34,31,0.53,0.42,0.63,0.37
NE,2022,3,-2,0.056,0.053,26,37,466,321,145,0,3,0,12,10,3,2,1,0,1,2,1,1,0,4,29,28,0.56,0.44,0.56,0.39
NE,2022,4,1,0.059,0.037,18,28,303,136,167,1,1,1,6,10,0,1,1,0,1,2,1,1,0,1,21,33,0.43,0.57,0.51,0.49
NE,2022,5,1,0.063,0.018,23,1,364,188,176,1,0,1,11,7,1,1,0,0,1,1,1,1,0,2,20,35,0.38,0.59,0.58,0.41
NE,2022,6,1,0.093,0.079,38,15,407,309,98,2,3,0,14,3,0,2,2,0,2,2,1,1,0,4,34,29,0.55,0.4,0.74,0.26
NO,2022,1,1,0.064,0.056,27,26,420,269,151,2,1,0,12,5,0,1,1,0,0,3,2,2,0,0,34,20,0.63,0.34,0.45,0.54
NO,2022,2,-4,0.033,0.018,11,14,336,236,100,1,0,0,9,6,3,4,2,0,0,1,1,0,0,1,37,20,0.7,0.3,0.54,0.43
NO,2022,3,-3,0.034,0.033,15,16,437,353,84,1,1,0,14,4,2,3,1,0,0,0,0,0,0,3,39,22,0.66,0.34,0.47,0.52
NO,2022,4,1,0.072,0.055,25,28,347,236,111,1,2,0,11,8,0,1,1,0,1,1,1,1,0,3,28,27,0.53,0.47,0.63,0.37
NO,2022,5,-1,0.088,0.068,39,32,444,209,235,2,3,0,9,14,1,2,1,0,0,1,1,1,0,3,24,49,0.35,0.59,0.58,0.42
NO,2022,6,-1,0.064,0.029,26,30,406,178,228,1,1,0,12,9,0,1,1,0,0,0,0,0,0,3,36,34,0.52,0.48,0.75,0.24
NYG,2022,1,-3,0.049,0.057,21,20,426,188,238,2,1,0,7,11,1,3,2,0,0,1,0,0,0,1,20,33,0.45,0.55,0.55,0.43
NYG,2022,2,2,0.068,0.015,19,16,279,176,103,1,0,0,8,8,0,0,0,0,0,3,2,3,0,2,34,33,0.53,0.44,0.57,0.43
NYG,2022,3,-1,0.044,0.016,16,23,363,196,167,0,1,0,8,10,1,0,0,0,0,0,0,0,0,0,36,25,0.63,0.37,0.51,0.46
NYG,2022,4,1,0.058,0.034,20,12,344,82,262,0,2,0,5,14,1,2,1,0,0,3,3,3,0,6,15,44,0.28,0.72,0.47,0.53
NYG,2022,5,0,0.079,0.052,27,20,342,217,125,0,3,0,12,8,0,1,0,1,0,2,0,1,0,2,27,31,0.47,0.47,0.67,0.33
NYG,2022,6,1,0.094,0.052,24,20,256,173,83,2,1,0,11,5,0,1,1,0,1,2,1,1,0,2,27,31,0.5,0.45,0.59,0.41
NYJ,2022,1,-1,0.023,0.013,9,24,392,309,83,1,0,0,18,3,1,2,1,0,1,1,0,1,0,2,58,17,0.78,0.22,0.6,0.36
NYJ,2022,2,0,0.074,0.062,31,30,417,324,93,4,0,0,16,3,0,2,1,0,1,0,0,0,0,1,45,20,0.7,0.28,0.43,0.55
NYJ,2022,3,-3,0.033,0,12,27,361,285,76,0,0,0,13,4,2,4,2,0,0,1,1,0,0,2,50,20,0.74,0.26,0.58,0.39
NYJ,2022,4,2,0.068,0.047,24,20,352,254,98,2,1,0,12,5,2,2,0,0,4,1,0,0,0,3,35,29,0.57,0.43,0.48,0.52
NYJ,2022,5,2,0.11,0.093,38,17,345,210,135,0,5,0,9,8,0,0,0,0,1,1,1,1,1,2,21,33,0.41,0.54,0.58,0.42
NYJ,2022,6,1,0.073,0.039,21,16,289,110,179,0,2,0,4,9,0,0,0,0,0,2,1,1,0,4,18,33,0.38,0.57,0.71,0.29
PHI,2022,1,1,0.07,0.056,32,36,459,243,216,0,4,1,12,13,0,0,0,0,1,1,0,0,0,1,32,39,0.46,0.53,0.58,0.41
PHI,2022,2,2,0.048,0.047,24,7,496,333,163,1,2,0,13,10,1,1,0,0,3,1,0,1,0,2,30,34,0.5,0.5,0.81,0.19
PHI,2022,3,1,0.058,0.046,24,6,412,340,72,3,0,0,16,3,0,0,0,1,0,3,1,2,0,9,35,30,0.56,0.41,0.71,0.29
PHI,2022,4,4,0.072,0.054,30,15,414,204,210,0,4,0,8,14,1,1,0,0,1,5,4,3,0,4,24,50,0.36,0.6,0.59,0.41
PHI,2022,5,1,0.053,0.029,20,17,378,239,139,0,2,0,12,12,0,0,0,0,1,1,0,0,0,1,36,33,0.54,0.45,0.59,0.38
PHI,2022,6,3,0.089,0.046,26,17,291,155,136,2,1,0,9,9,0,1,0,0,3,0,0,0,0,0,25,40,0.42,0.55,0.59,0.41
PIT,2022,1,5,0.063,0.017,17,21,269,194,75,1,0,1,8,4,0,1,0,0,4,2,1,2,0,7,38,22,0.62,0.34,0.64,0.36
PIT,2022,2,1,0.054,0.019,14,17,259,168,91,1,0,0,11,5,1,0,0,0,1,1,1,0,0,0,32,22,0.63,0.37,0.53,0.42
PIT,2022,3,-1,0.058,0.037,18,23,311,207,104,0,2,0,10,9,0,2,1,0,0,0,0,0,0,2,32,22,0.6,0.4,0.46,0.54
PIT,2022,4,-2,0.062,0.038,20,24,323,204,119,0,2,0,11,7,4,1,0,0,2,2,0,1,0,1,22,31,0.48,0.52,0.57,0.43
PIT,2022,5,0,0.008,0,3,38,381,327,54,0,0,0,19,2,1,1,1,0,1,1,1,1,0,0,51,17,0.76,0.24,0.67,0.28
PIT,2022,6,0,0.069,0.034,20,18,288,211,77,2,0,0,11,3,0,1,0,0,0,1,0,1,0,2,30,29,0.52,0.44,0.61,0.38
SEA,2022,1,1,0.063,0.043,17,16,271,195,76,2,0,0,9,3,0,3,1,0,0,2,2,2,0,2,28,19,0.61,0.33,0.69,0.31
SEA,2022,2,-1,0.004,0,1,33,233,197,36,0,0,0,10,3,2,0,0,0,0,3,1,1,0,1,29,14,0.7,0.3,0.36,0.64
SEA,2022,3,1,0.053,0.03,23,27,437,325,112,2,0,0,15,8,1,0,0,0,1,2,1,1,0,3,43,23,0.67,0.33,0.43,0.54
SEA,2022,4,3,0.076,0.079,42,46,555,320,235,2,3,1,14,12,0,0,0,0,1,2,2,2,0,1,30,33,0.48,0.49,0.62,0.38
SEA,2022,5,1,0.076,0.087,32,39,419,268,151,3,1,0,9,4,0,1,1,0,1,2,1,2,0,1,25,21,0.58,0.42,0.35,0.59
SEA,2022,6,1,0.06,0.016,20,3,333,197,136,0,1,0,10,7,0,2,1,0,1,3,1,3,0,6,31,30,0.55,0.45,0.61,0.39
SF,2022,1,-1,0.029,0.016,10,19,340,164,176,0,1,0,5,11,1,2,1,0,1,0,0,0,0,2,27,37,0.45,0.55,0.34,0.61
SF,2022,2,1,0.088,0.058,33,1,373,184,189,1,3,0,8,11,0,3,1,0,2,0,0,0,0,2,24,45,0.36,0.64,0.7,0.3
SF,2022,3,-3,0.033,0.021,10,9,299,211,88,1,0,0,9,3,1,2,2,1,0,3,0,2,0,4,28,19,0.63,0.37,0.54,0.42
SF,2022,4,2,0.055,0.041,18,10,327,239,88,1,1,1,9,4,0,1,0,0,1,1,1,1,0,7,27,22,0.55,0.45,0.75,0.25
SF,2022,5,0,0.076,0.068,31,16,406,253,153,2,2,1,12,9,0,3,1,0,1,0,0,0,0,6,30,29,0.52,0.44,0.73,0.27
SF,2022,6,-3,0.043,0.036,15,22,346,296,50,2,0,0,15,4,2,1,1,0,0,0,0,0,0,2,39,16,0.72,0.28,0.29,0.71
TB,2022,1,0,0.052,0.017,19,3,364,212,152,1,0,0,9,9,1,0,0,0,1,0,0,0,0,4,26,33,0.47,0.5,0.72,0.27
TB,2022,2,4,0.053,0.016,14,11,262,190,72,1,0,1,8,1,0,1,1,0,3,4,2,3,0,6,34,30,0.54,0.43,0.7,0.3
TB,2022,3,0,0.039,0.018,12,14,305,271,34,1,0,0,15,1,0,3,2,0,1,2,1,2,0,1,42,14,0.77,0.22,0.59,0.39
TB,2022,4,-1,0.08,0.069,31,41,388,385,3,3,1,0,23,2,0,2,2,0,1,0,0,0,0,3,52,6,0.9,0.1,0.52,0.48
TB,2022,5,0,0.05,0.027,21,15,420,351,69,1,1,0,17,7,0,0,0,0,0,1,0,1,0,5,52,23,0.7,0.26,0.5,0.5
TB,2022,6,0,0.057,0.015,18,20,318,243,75,1,0,0,11,7,0,1,0,0,0,1,0,0,0,2,40,26,0.61,0.38,0.52,0.44
TEN,2022,1,3,0.056,0.034,20,21,359,266,93,2,0,0,13,2,0,1,0,0,1,3,2,2,0,5,33,26,0.55,0.43,0.45,0.55
TEN,2022,2,-2,0.039,0.02,8,35,203,123,80,0,1,0,6,5,2,1,1,0,0,2,1,0,0,1,22,27,0.49,0.51,0.63,0.34
TEN,2022,3,0,0.064,0.057,24,22,373,264,109,1,2,0,13,6,1,1,0,0,1,1,0,1,0,1,26,27,0.51,0.45,0.71,0.29
TEN,2022,4,3,0.091,0.061,24,17,264,137,127,2,1,0,9,6,0,0,0,0,1,3,2,3,0,3,21,28,0.46,0.48,0.63,0.37
TEN,2022,5,1,0.073,0.053,21,17,286,181,105,1,2,0,6,7,0,0,0,0,1,3,0,0,0,3,25,32,0.48,0.52,0.71,0.28
TEN,2022,7,2,0.048,0,13,11,270,132,138,0,0,1,6,8,0,1,1,0,2,1,1,1,0,3,20,35,0.39,0.58,0.73,0.27
WAS,2022,1,-2,0.07,0.06,28,22,398,313,85,4,0,0,16,7,2,1,1,0,1,1,0,1,0,2,39,28,0.61,0.35,0.71,0.29
WAS,2022,2,-1,0.064,0.061,27,34,425,337,88,3,1,0,15,6,1,1,0,1,0,0,0,0,0,3,45,21,0.72,0.28,0.61,0.36
WAS,2022,3,-1,0.02,0.015,6,24,298,211,87,0,1,0,11,5,0,3,1,0,0,0,0,0,1,3,43,22,0.71,0.29,0.56,0.41
WAS,2022,4,-2,0.032,0.015,10,25,312,170,142,1,0,0,10,6,2,1,0,0,0,0,0,0,0,1,40,27,0.62,0.38,0.49,0.51
WAS,2022,5,-1,0.042,0.037,17,21,402,359,43,2,0,0,11,4,1,3,0,0,0,0,0,0,0,5,37,17,0.71,0.28,0.48,0.52
WAS,2022,6,0,0.053,0.02,12,7,227,99,128,0,1,0,5,7,0,2,1,0,1,1,0,1,0,5,22,28,0.48,0.52,0.46,0.54
ARI,2023,1,1,0.044,0,10,21,228,132,96,0,0,1,9,4,0,2,2,0,1,2,2,2,0,6,30,25,0.57,0.43,0.57,0.43
ARI,2023,2,1,0.074,0.049,28,31,379,228,151,1,2,0,11,10,0,0,0,0,1,0,0,0,0,3,31,30,0.51,0.49,0.6,0.4
ARI,2023,3,1,0.068,0.058,28,16,411,189,222,1,2,0,8,8,0,0,0,0,1,0,0,0,0,2,21,31,0.44,0.53,0.56,0.44
ARI,2023,4,0,0.043,0.03,16,35,370,265,105,2,0,0,13,7,0,1,0,0,0,0,0,0,0,1,41,26,0.62,0.38,0.42,0.55
ARI,2023,5,-2,0.068,0.058,21,28,308,166,142,2,1,0,10,5,2,1,1,0,1,1,0,1,0,3,30,22,0.61,0.39,0.62,0.37
ARI,2023,6,-3,0.025,0,9,26,365,235,130,0,0,0,12,6,1,2,2,0,0,0,0,0,0,3,40,30,0.59,0.4,0.45,0.51
ATL,2023,1,3,0.098,0.068,24,10,245,115,130,1,2,0,6,7,0,1,0,0,2,2,1,1,0,2,18,26,0.46,0.52,0.56,0.44
ATL,2023,2,-1,0.056,0.026,25,24,448,237,211,1,1,0,10,15,1,0,0,0,0,0,0,0,0,1,31,45,0.42,0.56,0.55,0.43
ATL,2023,3,0,0.024,0,6,20,245,201,44,0,0,0,9,3,0,1,1,0,1,0,0,0,0,0,38,20,0.69,0.31,0.52,0.44
ATL,2023,4,-3,0.025,0.02,8,17,318,191,127,1,0,0,11,6,2,2,1,0,0,1,0,1,0,2,29,22,0.61,0.39,0.5,0.45
ATL,2023,5,-2,0.047,0.027,21,19,447,351,96,1,1,0,18,8,0,3,2,0,0,0,0,0,0,0,38,36,0.52,0.45,0.6,0.4
ATL,2023,6,-3,0.039,0.027,16,24,413,307,106,2,0,0,18,5,3,0,0,0,0,0,0,0,0,5,44,30,0.61,0.38,0.56,0.4
BAL,2023,1,-1,0.09,0.056,25,9,279,169,110,0,3,0,8,7,1,2,1,0,0,1,1,1,0,5,21,33,0.44,0.56,0.67,0.32
BAL,2023,2,1,0.08,0.057,33,18,415,237,178,2,2,0,12,11,0,0,0,0,1,0,0,0,0,1,33,37,0.47,0.51,0.74,0.26
BAL,2023,3,-2,0.044,0.029,17,22,388,202,186,0,2,0,7,12,0,4,2,0,0,1,0,1,1,5,31,37,0.49,0.51,0.58,0.42
BAL,2023,4,2,0.088,0.077,28,3,317,186,131,2,2,0,8,7,0,2,1,0,3,1,0,0,0,4,19,33,0.4,0.6,0.62,0.37
BAL,2023,5,-4,0.028,0.016,10,15,361,236,125,0,1,0,11,7,1,4,3,1,0,0,0,0,0,3,37,25,0.63,0.37,0.55,0.38
BAL,2023,6,-1,0.066,0.015,24,16,362,223,139,1,0,0,9,9,1,1,1,0,1,0,0,0,0,6,29,39,0.44,0.54,0.59,0.41
BUF,2023,1,-3,0.066,0.033,22,16,333,236,97,1,1,0,11,8,3,1,1,0,1,1,0,1,0,3,38,22,0.66,0.32,0.47,0.49
BUF,2023,2,3,0.083,0.069,38,10,457,274,183,3,2,0,17,10,0,0,0,0,2,1,1,1,0,0,37,35,0.53,0.45,0.62,0.38
BUF,2023,3,4,0.08,0.047,31,4,386,218,168,1,2,1,10,10,1,0,0,0,4,1,1,1,0,9,31,33,0.49,0.48,0.75,0.25
BUF,2023,4,2,0.113,0.111,48,20,424,320,104,4,2,0,14,8,0,0,0,0,1,4,1,2,0,4,25,29,0.48,0.45,0.68,0.32
BUF,2023,5,0,0.052,0.057,20,25,388,359,29,2,1,0,13,3,1,1,1,0,0,4,2,3,0,5,39,14,0.75,0.24,0.51,0.48
BUF,2023,6,-2,0.047,0.034,14,9,297,169,128,2,0,0,12,7,1,1,1,0,0,1,0,0,0,3,29,29,0.51,0.49,0.51,0.47
CAR,2023,1,-3,0.033,0.015,10,24,300,146,154,1,0,0,9,9,2,2,1,0,0,1,0,1,0,4,36,32,0.56,0.44,0.46,0.52
CAR,2023,2,0,0.067,0.019,17,20,253,153,100,1,0,0,8,4,0,1,1,0,1,0,0,0,0,4,33,19,0.67,0.33,0.55,0.41
CAR,2023,3,1,0.067,0.042,27,37,405,361,44,2,1,0,17,3,0,0,0,0,1,0,0,0,0,2,58,14,0.81,0.19,0.54,0.4
CAR,2023,4,1,0.028,0,8,16,287,204,83,0,0,1,11,7,0,2,1,0,2,1,0,0,0,2,32,31,0.54,0.46,0.48,0.52
CAR,2023,5,-3,0.069,0.048,24,42,346,247,99,3,0,0,15,7,2,2,1,0,0,0,0,0,0,2,39,23,0.65,0.35,0.5,0.45
CAR,2023,6,1,0.045,0.031,15,43,332,224,108,1,1,1,13,6,0,1,0,0,1,1,0,0,0,0,39,25,0.63,0.37,0.49,0.46
CHI,2023,1,-2,0.062,0.03,21,32,338,216,122,1,1,0,12,8,1,1,1,0,0,2,0,0,0,1,36,30,0.58,0.42,0.47,0.53
CHI,2023,2,-2,0.065,0.047,18,21,278,211,67,1,1,0,9,5,2,3,0,0,0,1,0,1,0,0,27,16,0.69,0.31,0.5,0.47
CHI,2023,3,0,0.047,0.021,10,41,215,99,116,1,0,0,5,6,1,1,1,0,2,0,0,0,0,0,21,26,0.49,0.51,0.51,0.47
CHI,2023,4,-2,0.057,0.062,29,25,506,335,171,4,0,0,17,7,1,1,1,0,0,0,0,0,0,1,34,31,0.56,0.44,0.6,0.38
CHI,2023,5,2,0.087,0.066,40,20,460,282,178,4,0,0,9,9,0,1,0,0,1,1,1,1,0,5,29,32,0.5,0.5,0.84,0.16
CHI,2023,6,-2,0.046,0.017,14,13,303,141,162,0,1,0,8,9,2,3,1,0,0,2,1,2,0,2,22,36,0.45,0.54,0.6,0.38
CIN,2023,1,2,0.019,0,3,24,157,82,75,0,0,0,3,2,0,0,0,0,1,1,1,1,0,3,32,20,0.63,0.33,0.44,0.56
CIN,2023,2,-1,0.063,0.036,18,33,288,222,66,2,0,0,13,4,1,0,0,0,0,0,0,0,0,0,40,15,0.74,0.26,0.47,0.51
CIN,2023,3,1,0.058,0.014,19,16,326,259,67,0,1,0,12,5,1,0,0,0,2,0,0,0,0,6,48,23,0.68,0.27,0.75,0.25
CIN,2023,4,0,0.013,0,3,27,237,165,72,0,0,0,8,5,0,1,1,0,1,4,0,2,0,3,30,18,0.65,0.33,0.47,0.52
CIN,2023,5,2,0.068,0.04,28,21,410,317,93,3,0,1,19,7,1,1,0,0,2,1,1,1,0,3,45,30,0.62,0.37,0.61,0.39
CIN,2023,6,1,0.074,0.041,17,13,231,185,46,2,0,0,10,3,1,0,0,0,2,0,0,0,0,4,34,15,0.72,0.26,0.64,0.36
CLE,2023,1,-2,0.067,0.029,24,3,360,154,206,1,1,0,9,12,1,1,1,0,0,0,0,0,0,2,28,41,0.44,0.56,0.63,0.33
CLE,2023,2,-2,0.055,0.026,24,14,433,235,198,1,1,0,12,7,1,3,3,0,1,1,1,1,0,2,39,37,0.55,0.45,0.59,0.35
CLE,2023,3,-1,0.074,0.047,27,3,367,289,78,2,1,0,12,7,0,2,1,0,0,2,0,1,0,5,33,31,0.54,0.46,0.67,0.33
CLE,2023,4,-2,0.014,0,3,28,214,121,93,0,0,0,6,5,3,1,0,0,0,2,1,0,0,3,33,25,0.62,0.37,0.4,0.6
CLE,2023,6,-1,0.054,0.015,19,17,352,192,160,0,1,0,6,10,2,1,0,0,1,1,0,0,0,3,32,34,0.51,0.47,0.53,0.44
CLE,2023,7,2,0.099,0.043,33,39,333,183,150,0,3,1,9,6,2,2,0,0,1,3,3,3,0,4,35,34,0.52,0.45,0.4,0.6
DAL,2023,1,3,0.106,0.055,28,7,265,143,122,0,3,1,8,7,0,1,0,0,2,5,1,3,0,7,25,30,0.45,0.55,0.57,0.43
DAL,2023,2,4,0.077,0.024,30,10,389,255,134,2,0,0,16,8,0,1,0,0,3,1,1,1,0,3,38,45,0.46,0.49,0.63,0.35
DAL,2023,3,-1,0.037,0.014,16,28,434,249,185,1,0,0,11,12,1,0,0,0,0,0,0,0,0,2,39,33,0.56,0.44,0.44,0.53
DAL,2023,4,3,0.064,0.03,26,5,405,281,124,1,1,2,15,6,0,2,0,0,2,1,1,1,0,2,36,30,0.57,0.37,0.58,0.42
DAL,2023,5,-3,0.046,0.024,10,42,218,161,57,1,0,0,5,3,3,1,1,0,0,1,1,1,0,1,23,19,0.61,0.37,0.39,0.6
DAL,2023,6,2,0.054,0.036,20,17,368,272,96,1,1,0,12,5,0,0,0,0,1,1,1,0,0,1,30,26,0.57,0.39,0.62,0.38
DEN,2023,1,1,0.059,0.036,16,17,271,177,94,2,0,0,11,5,0,0,0,0,1,1,0,0,0,0,34,22,0.6,0.38,0.47,0.45
DEN,2023,2,-2,0.077,0.074,33,35,430,308,122,3,1,0,8,10,1,2,1,0,0,1,0,1,0,4,31,23,0.62,0.37,0.64,0.36
DEN,2023,3,-3,0.053,0.035,20,70,375,306,69,1,1,0,13,2,1,3,2,0,0,0,0,0,0,0,37,20,0.66,0.34,0.39,0.59
DEN,2023,4,2,0.078,0.064,25,29,320,223,97,3,0,1,9,6,0,0,0,0,1,1,1,1,0,4,28,19,0.6,0.38,0.56,0.44
DEN,2023,5,-1,0.066,0.037,22,23,335,196,139,2,0,0,10,5,0,5,3,1,1,3,1,2,0,4,31,23,0.59,0.4,0.48,0.52
DEN,2023,6,-2,0.038,0.023,8,19,210,95,115,1,0,0,4,8,2,3,1,0,1,0,0,0,0,2,20,24,0.52,0.48,0.61,0.34
DET,2023,1,0,0.04,0.029,15,21,371,253,118,1,1,1,11,8,0,2,1,0,1,0,0,0,0,0,35,34,0.5,0.44,0.63,0.37
DET,2023,2,-3,0.075,0.066,32,31,425,323,102,3,1,0,17,5,1,2,2,0,0,0,0,0,0,1,34,27,0.58,0.42,0.61,0.37
DET,2023,3,0,0.056,0.032,20,6,358,243,115,1,1,0,11,5,1,0,0,0,0,1,1,1,0,7,32,31,0.52,0.44,0.69,0.31
DET,2023,4,1,0.081,0.057,34,20,421,210,211,1,3,0,11,13,1,1,0,0,2,1,0,1,0,5,27,43,0.41,0.58,0.76,0.24
DET,2023,5,3,0.106,0.103,42,24,395,236,159,3,3,0,11,11,0,0,0,0,2,2,1,2,0,1,28,30,0.5,0.45,0.65,0.35
DET,2023,6,1,0.051,0.03,20,6,393,353,40,2,0,0,16,2,0,1,0,0,1,0,0,0,0,1,44,22,0.68,0.3,0.7,0.3
GB,2023,1,2,0.095,0.068,32,21,337,245,92,3,1,1,10,5,0,2,0,0,1,1,1,1,0,4,27,32,0.47,0.53,0.58,0.42
GB,2023,2,1,0.102,0.065,24,25,235,151,84,3,0,0,10,4,0,0,0,0,1,0,0,0,0,1,25,21,0.55,0.43,0.42,0.56
GB,2023,3,-1,0.068,0.043,24,11,354,259,95,1,2,0,13,5,1,1,0,0,0,0,0,0,0,4,43,26,0.64,0.31,0.63,0.37
GB,2023,4,-1,0.073,0.043,20,34,273,246,27,1,1,0,9,2,2,1,0,0,1,1,0,0,0,2,34,13,0.76,0.24,0.41,0.58
GB,2023,5,-2,0.045,0.019,13,17,292,182,110,0,1,0,7,9,3,0,0,0,1,0,0,0,0,4,27,25,0.56,0.44,0.53,0.42
GB,2023,7,-1,0.051,0.033,17,19,331,194,137,2,0,0,13,5,1,0,0,0,0,0,0,0,0,1,31,29,0.52,0.48,0.55,0.45
HOU,2023,1,1,0.029,0,9,25,314,242,72,0,0,0,13,1,0,1,1,0,1,2,1,1,0,4,44,23,0.67,0.32,0.44,0.56
HOU,2023,2,-1,0.046,0.027,20,31,436,384,52,2,0,0,18,3,0,3,1,0,0,1,0,1,0,0,47,26,0.65,0.32,0.59,0.41
HOU,2023,3,2,0.101,0.071,37,17,366,280,86,2,2,0,11,4,0,0,0,0,1,1,1,1,0,0,30,26,0.54,0.46,0.61,0.39
HOU,2023,4,1,0.067,0.043,30,6,451,312,139,3,0,0,14,9,0,1,0,0,1,3,0,2,0,3,31,38,0.42,0.55,0.55,0.45
HOU,2023,5,2,0.061,0.017,19,21,313,249,64,1,0,0,13,3,0,0,0,0,0,3,2,2,0,0,35,23,0.6,0.4,0.52,0.45
HOU,2023,6,-1,0.063,0.035,20,13,319,199,120,2,0,0,9,7,1,1,1,0,1,0,0,0,0,2,26,31,0.48,0.5,0.68,0.32
IND,2023,1,-1,0.052,0.031,15,32,288,223,65,1,1,1,12,4,1,2,2,0,1,2,1,2,0,2,38,26,0.62,0.38,0.49,0.49
IND,2023,2,1,0.088,0.071,31,20,353,227,126,1,3,0,13,6,0,1,0,0,0,3,1,1,0,6,33,23,0.59,0.41,0.65,0.32
IND,2023,3,2,0.06,0.013,22,17,366,227,139,1,0,0,9,10,0,1,0,1,0,4,2,3,0,4,44,35,0.58,0.42,0.49,0.51
IND,2023,4,0,0.069,0.054,23,29,333,200,133,2,1,0,10,6,0,2,1,0,1,1,0,1,0,2,25,31,0.48,0.5,0.54,0.46
IND,2023,5,1,0.052,0.033,23,16,446,253,193,0,2,0,12,7,0,1,0,0,1,0,0,0,0,1,26,34,0.44,0.54,0.6,0.36
IND,2023,6,-3,0.054,0.029,20,37,373,329,44,1,1,0,14,4,3,1,1,0,1,0,0,0,0,3,52,17,0.77,0.23,0.53,0.4
JAX,2023,1,1,0.092,0.061,32,15,346,241,105,2,2,0,10,9,1,2,1,0,1,2,2,2,0,4,31,35,0.49,0.49,0.62,0.38
JAX,2023,2,0,0.031,0,9,17,289,215,74,0,0,0,14,1,0,4,2,0,1,3,1,2,0,1,42,18,0.72,0.28,0.66,0.3
JAX,2023,3,-2,0.042,0.029,17,37,404,288,116,1,1,0,13,8,1,1,1,0,0,0,0,0,0,0,41,27,0.61,0.39,0.54,0.46
JAX,2023,4,3,0.054,0.016,17,8,312,207,105,1,0,1,11,4,0,1,0,0,2,2,1,2,0,4,30,32,0.5,0.45,0.61,0.39
JAX,2023,5,0,0.049,0.038,25,20,511,315,196,1,2,0,16,9,0,4,2,0,1,1,1,1,0,0,37,41,0.51,0.48,0.75,0.24
JAX,2023,6,3,0.139,0.069,37,20,266,181,85,2,2,0,6,7,1,0,0,0,3,1,1,1,0,3,29,29,0.53,0.4,0.77,0.23
KC,2023,1,0,0.066,0.033,21,15,316,226,90,2,0,0,10,6,1,0,0,0,0,2,1,1,0,1,38,23,0.63,0.37,0.5,0.44
KC,2023,2,0,0.042,0.032,17,9,405,305,100,2,0,0,12,7,1,3,1,0,0,4,2,1,0,4,40,22,0.66,0.3,0.72,0.28
KC,2023,3,0,0.09,0.068,41,10,456,303,153,3,2,0,16,12,2,0,0,0,1,1,1,1,0,3,36,37,0.51,0.47,0.49,0.51
KC,2023,4,-1,0.057,0.032,23,18,407,203,204,1,1,0,9,11,2,1,0,1,0,2,1,1,0,2,28,35,0.47,0.5,0.71,0.29
KC,2023,5,1,0.078,0.048,27,20,348,281,67,2,1,0,15,5,0,0,0,0,0,2,1,1,0,3,41,21,0.66,0.33,0.72,0.26
KC,2023,6,2,0.047,0.015,19,8,402,306,96,1,0,0,14,6,1,0,0,0,2,3,1,2,0,4,40,27,0.61,0.34,0.52,0.48
LA,2023,1,0,0.07,0.038,30,13,426,334,92,0,3,0,17,8,0,0,0,0,0,0,0,0,0,2,38,40,0.49,0.51,0.61,0.39
LA,2023,2,-2,0.058,0.027,23,30,396,307,89,1,1,0,17,9,2,0,0,0,0,2,0,1,0,1,53,22,0.71,0.28,0.48,0.52
LA,2023,3,-1,0.047,0.023,16,19,340,269,71,1,0,0,12,2,2,0,0,0,1,0,0,0,0,2,31,13,0.75,0.25,0.68,0.27
LA,2023,4,0,0.06,0.04,29,23,483,319,164,1,2,0,16,8,1,1,0,0,0,2,1,1,0,2,39,36,0.54,0.46,0.48,0.5
LA,2023,5,1,0.051,0.039,14,23,276,222,54,2,0,0,13,2,0,1,0,0,1,0,0,0,0,1,37,14,0.75,0.25,0.5,0.5
LA,2023,6,3,0.064,0.038,26,9,405,226,179,1,1,0,7,9,0,0,0,0,1,2,2,2,0,2,24,28,0.45,0.51,0.59,0.4
LAC,2023,1,2,0.074,0.055,34,36,462,229,233,1,3,0,10,17,0,0,0,0,1,2,1,0,0,0,33,40,0.47,0.53,0.69,0.28
LAC,2023,2,0,0.066,0.032,24,27,366,305,61,2,0,0,14,4,0,0,0,0,0,0,0,0,0,5,41,21,0.68,0.32,0.46,0.54
LAC,2023,3,1,0.058,0.063,28,24,484,454,30,4,0,0,22,2,0,4,1,0,1,1,1,1,0,4,48,15,0.77,0.22,0.69,0.31
LAC,2023,4,2,0.075,0.05,24,17,322,167,155,1,2,0,6,7,1,0,0,0,1,4,2,2,0,7,23,37,0.41,0.52,0.67,0.33
LAC,2023,6,-2,0.061,0.034,17,20,280,227,53,2,0,0,12,2,1,1,1,0,0,0,0,0,0,5,36,23,0.62,0.38,0.57,0.39
LAC,2023,7,0,0.043,0.037,17,31,398,259,139,1,1,0,11,4,2,0,0,0,1,1,1,1,0,1,28,26,0.57,0.41,0.67,0.3
LV,2023,1,-1,0.065,0.037,17,16,261,200,61,2,0,0,11,5,1,1,0,0,0,0,0,0,0,2,25,29,0.47,0.45,0.6,0.38
LV,2023,2,-3,0.042,0.027,10,38,240,185,55,1,0,0,10,2,2,1,1,0,0,0,0,0,0,2,22,15,0.62,0.38,0.53,0.45
LV,2023,3,-3,0.046,0.033,18,23,393,324,69,2,0,0,12,4,3,0,0,0,0,1,0,0,0,1,41,19,0.72,0.28,0.48,0.5
LV,2023,4,-2,0.054,0.033,17,24,314,238,76,0,2,0,12,7,1,4,2,0,1,0,0,0,0,2,38,23,0.67,0.33,0.41,0.52
LV,2023,5,2,0.056,0.034,17,13,304,208,96,1,1,0,13,6,1,0,0,0,3,0,0,0,0,2,30,29,0.53,0.42,0.56,0.44
LV,2023,6,0,0.055,0.016,19,17,348,264,84,1,0,0,12,4,1,0,0,0,1,0,0,0,1,4,31,33,0.49,0.46,0.66,0.32
MIA,2023,1,-2,0.067,0.063,36,34,536,466,70,3,1,0,23,5,1,2,1,0,0,0,0,0,0,3,44,20,0.69,0.28,0.47,0.53
MIA,2023,2,1,0.061,0.051,24,17,394,249,145,1,2,0,15,6,1,2,0,0,1,1,1,1,0,4,29,30,0.51,0.48,0.65,0.34
MIA,2023,3,3,0.096,0.141,70,20,726,376,350,5,5,0,16,12,0,0,0,0,1,3,2,3,0,1,28,43,0.39,0.59,0.66,0.34
MIA,2023,4,-2,0.047,0.057,20,48,424,282,142,1,2,0,12,8,1,4,1,0,0,0,0,0,0,2,34,19,0.68,0.32,0.48,0.45
MIA,2023,5,-3,0.06,0.078,32,10,530,308,222,2,2,0,14,8,2,2,1,0,0,1,0,1,0,7,28,23,0.56,0.41,0.57,0.43
MIA,2023,6,-1,0.101,0.094,43,15,424,262,162,3,3,0,14,8,1,1,0,0,0,1,0,1,0,4,31,33,0.49,0.46,0.63,0.37
MIN,2023,1,-3,0.044,0.033,17,20,385,344,41,2,0,0,15,2,1,2,2,0,0,0,0,0,0,1,43,17,0.73,0.27,0.51,0.44
MIN,2023,2,-1,0.071,0.075,28,34,392,364,28,4,0,0,19,0,0,4,3,0,1,1,1,1,0,4,44,9,0.84,0.16,0.36,0.64
MIN,2023,3,-1,0.048,0.041,24,28,497,367,130,3,0,0,15,7,1,1,1,0,0,4,1,4,0,1,49,24,0.69,0.31,0.77,0.22
MIN,2023,4,-1,0.058,0.05,16,8,274,139,135,2,0,1,9,4,2,1,0,0,0,2,1,2,0,5,17,23,0.48,0.52,0.54,0.46
MIN,2023,5,-1,0.056,0.031,20,27,354,284,70,2,0,0,15,4,0,2,1,0,0,0,0,0,0,2,47,18,0.72,0.26,0.66,0.33
MIN,2023,6,2,0.057,0.019,13,14,227,181,46,1,0,1,8,3,0,2,1,0,2,3,1,3,0,5,31,22,0.6,0.38,0.45,0.54
NE,2023,1,-1,0.054,0.04,21,19,392,316,76,3,0,0,18,5,1,1,1,0,0,2,1,2,0,3,53,22,0.72,0.28,0.59,0.39
NE,2023,2,-1,0.053,0.03,17,24,319,231,88,1,1,0,10,10,1,1,1,0,1,2,0,0,0,1,41,25,0.65,0.34,0.51,0.48
NE,2023,3,0,0.036,0.014,13,10,358,201,157,1,0,0,9,8,0,0,0,0,0,1,0,1,1,3,29,40,0.42,0.58,0.62,0.36
NE,2023,4,-3,0.019,0,5,26,260,207,53,0,0,0,8,2,2,1,1,0,0,2,0,2,0,3,28,23,0.58,0.42,0.57,0.37
NE,2023,5,-3,0.006,0,1,28,177,132,45,0,0,0,4,1,2,1,1,0,0,1,0,0,0,2,29,18,0.65,0.35,0.4,0.54
NE,2023,6,0,0.06,0.039,17,19,283,200,83,0,2,0,7,8,1,0,0,1,1,0,0,0,0,0,32,19,0.66,0.32,0.49,0.46
NO,2023,1,1,0.043,0.017,16,15,374,305,69,1,0,0,12,2,1,2,1,0,3,0,0,0,0,3,32,27,0.58,0.39,0.63,0.37
NO,2023,2,0,0.054,0.029,20,17,370,236,134,0,2,0,11,10,1,0,0,0,0,1,1,1,0,4,36,33,0.55,0.41,0.67,0.33
NO,2023,3,1,0.039,0.018,11,24,281,204,77,1,0,0,9,5,0,0,0,0,1,1,0,0,0,1,34,22,0.63,0.37,0.64,0.31
NO,2023,4,-2,0.043,0,9,26,210,140,70,0,0,0,9,4,1,2,2,0,1,0,0,0,0,1,38,19,0.69,0.3,0.51,0.44
NO,2023,5,3,0.088,0.044,28,1,319,183,136,2,1,1,11,6,0,1,0,0,2,1,1,0,0,2,26,42,0.4,0.54,0.65,0.35
NO,2023,6,1,0.029,0.013,13,20,446,357,89,1,0,0,13,9,1,0,0,0,1,1,1,1,0,2,50,25,0.68,0.32,0.48,0.5
NYG,2023,1,-3,0.032,0.018,7,28,218,110,108,0,1,0,5,6,2,5,1,0,0,1,0,1,0,0,28,28,0.57,0.43,0.45,0.55
NYG,2023,2,-1,0.069,0.063,31,28,448,321,127,2,2,0,15,10,1,0,0,0,0,0,0,0,0,0,36,27,0.6,0.4,0.51,0.49
NYG,2023,3,-1,0.072,0.023,12,30,166,137,29,0,1,0,6,2,1,0,0,0,0,1,0,0,0,2,32,11,0.77,0.23,0.5,0.46
NYG,2023,4,-3,0.013,0,4,18,315,203,112,0,0,0,9,7,2,2,1,0,0,1,0,0,0,2,32,29,0.61,0.39,0.55,0.45
NYG,2023,5,3,0.034,0,10,32,290,205,85,0,0,1,10,3,0,1,0,0,2,2,1,2,0,1,32,29,0.57,0.43,0.56,0.41
NYG,2023,6,2,0.027,0,9,14,332,200,132,0,0,0,11,5,0,1,0,0,1,1,1,1,0,0,36,34,0.51,0.47,0.51,0.49
NYJ,2023,1,3,0.051,0.02,16,22,312,140,172,1,0,0,7,5,1,1,0,0,3,1,1,1,0,5,21,28,0.47,0.49,0.66,0.32
NYJ,2023,2,-4,0.043,0.025,10,30,234,170,64,1,0,0,6,4,3,1,1,0,0,1,0,1,0,1,24,16,0.63,0.35,0.46,0.49
NYJ,2023,3,0,0.051,0.017,10,13,195,157,38,0,1,0,6,5,0,1,0,1,0,0,0,0,0,0,36,22,0.62,0.36,0.42,0.58
NYJ,2023,4,1,0.051,0.036,18,23,353,245,108,2,0,0,12,5,0,2,1,0,2,1,0,0,1,1,39,17,0.71,0.29,0.47,0.5
NYJ,2023,5,1,0.053,0.018,23,22,433,199,234,0,1,1,10,8,1,3,1,0,0,5,3,3,1,4,25,32,0.48,0.52,0.59,0.4
NYJ,2023,6,4,0.073,0.019,20,14,275,186,89,0,1,0,9,5,0,0,0,0,3,1,1,1,0,2,33,21,0.65,0.32,0.68,0.32
PHI,2023,1,1,0.071,0.017,19,21,267,170,97,1,0,1,8,6,0,2,1,0,1,1,1,1,0,2,33,25,0.59,0.39,0.72,0.28
PHI,2023,2,1,0.075,0.057,34,28,452,193,259,1,3,0,4,19,1,1,1,0,0,4,3,4,0,2,22,48,0.36,0.64,0.84,0.16
PHI,2023,3,0,0.048,0.027,23,11,478,277,201,1,1,0,13,12,2,0,0,0,1,2,1,2,1,2,35,40,0.49,0.51,0.62,0.38
PHI,2023,4,0,0.08,0.046,34,31,423,319,104,2,1,0,14,6,0,1,0,0,0,2,0,1,0,5,37,28,0.59,0.41,0.62,0.38
PHI,2023,5,-1,0.05,0.026,23,14,462,303,159,1,1,0,13,12,1,0,0,0,0,1,0,1,0,4,37,39,0.5,0.5,0.75,0.25
PHI,2023,6,-4,0.039,0.031,14,20,360,280,80,1,1,0,16,6,3,1,1,0,0,0,0,0,0,5,42,22,0.68,0.32,0.65,0.32
PIT,2023,1,-1,0.026,0.019,7,30,273,232,41,1,0,0,9,3,2,0,0,0,0,3,1,3,0,3,44,10,0.82,0.16,0.48,0.47
PIT,2023,2,2,0.051,0.02,14,24,277,222,55,1,0,2,6,3,1,1,1,0,1,3,3,3,0,6,29,22,0.59,0.35,0.55,0.45
PIT,2023,3,3,0.068,0.034,23,18,340,235,105,2,0,0,10,5,0,1,0,0,3,0,0,0,0,4,28,31,0.48,0.5,0.72,0.28
PIT,2023,4,-1,0.024,0,6,30,246,132,114,0,0,0,4,7,1,3,0,0,0,1,0,1,0,0,27,25,0.55,0.45,0.42,0.55
PIT,2023,5,4,0.048,0.016,15,10,311,224,87,1,0,0,11,6,0,0,0,0,1,4,3,4,1,4,32,30,0.55,0.38,0.63,0.37
PIT,2023,7,1,0.076,0.056,24,17,316,230,86,0,3,0,9,8,0,1,0,0,1,0,0,0,0,2,25,29,0.48,0.45,0.51,0.49
SEA,2023,1,0,0.066,0.023,13,30,197,112,85,1,0,0,7,3,0,0,0,0,0,0,0,0,0,0,26,18,0.61,0.39,0.49,0.51
SEA,2023,2,3,0.076,0.061,31,32,410,328,82,2,2,1,18,7,0,0,0,0,1,2,2,2,0,2,41,25,0.61,0.37,0.58,0.42
SEA,2023,3,-1,0.084,0.044,37,27,442,296,146,1,2,0,14,10,1,0,0,0,0,0,0,0,0,3,35,33,0.54,0.4,0.81,0.19
SEA,2023,4,3,0.061,0.041,18,4,294,173,121,1,1,1,6,6,0,1,0,0,2,2,1,2,0,11,26,23,0.55,0.45,0.61,0.39
SEA,2023,6,-1,0.031,0.016,13,17,413,326,87,0,1,0,13,6,2,0,0,0,1,0,0,0,0,3,39,25,0.64,0.36,0.72,0.26
SEA,2023,7,-1,0.06,0.036,20,10,334,219,115,2,0,0,11,6,1,1,1,0,0,3,1,2,0,4,23,32,0.45,0.52,0.6,0.4
SF,2023,1,1,0.074,0.048,30,7,408,220,188,2,1,0,13,8,0,3,1,0,2,0,0,0,0,5,29,34,0.48,0.47,0.82,0.16
SF,2023,2,2,0.082,0.057,30,23,365,206,159,0,3,0,11,8,0,2,0,0,2,0,0,0,0,1,25,28,0.48,0.52,0.71,0.28
SF,2023,3,1,0.067,0.039,30,12,451,310,141,2,1,0,13,9,0,1,0,0,1,0,0,0,0,2,37,39,0.5,0.46,0.77,0.23
SF,2023,4,0,0.086,0.096,35,16,407,283,124,1,4,0,17,10,0,0,0,0,0,1,0,0,0,1,21,31,0.42,0.55,0.62,0.38
SF,2023,5,3,0.099,0.091,42,10,423,253,170,4,2,0,12,10,0,1,1,0,3,1,1,1,0,4,25,41,0.39,0.6,0.61,0.37
SF,2023,6,1,0.073,0.039,17,19,233,125,108,1,1,0,5,6,1,1,0,0,2,1,0,1,0,2,26,25,0.53,0.44,0.51,0.47
TB,2023,1,3,0.081,0.03,20,17,246,173,73,2,0,0,9,5,0,0,0,0,1,2,2,1,0,2,34,33,0.51,0.44,0.73,0.27
TB,2023,2,2,0.048,0.029,21,18,437,317,120,1,1,1,10,8,0,1,0,0,2,3,0,2,0,6,34,34,0.5,0.47,0.69,0.31
TB,2023,3,0,0.059,0.024,11,23,187,146,41,1,0,0,10,1,1,2,1,1,2,0,0,0,0,1,24,17,0.62,0.38,0.49,0.51
TB,2023,4,2,0.072,0.046,26,9,360,246,114,3,0,0,13,6,1,0,0,0,1,2,2,2,0,3,32,33,0.51,0.44,0.69,0.3
TB,2023,6,-1,0.024,0,6,20,252,206,46,0,0,0,12,0,1,0,0,0,0,1,0,1,0,3,36,16,0.7,0.3,0.68,0.3
TB,2023,7,1,0.037,0.016,13,16,348,275,73,1,0,0,13,2,1,2,1,0,0,3,3,2,0,1,41,20,0.69,0.29,0.41,0.59
TEN,2023,1,-1,0.05,0,15,16,302,198,104,0,0,0,8,5,3,0,0,0,1,2,1,2,0,4,31,22,0.63,0.37,0.58,0.39
TEN,2023,2,0,0.07,0.052,27,24,387,246,141,1,2,0,9,10,0,0,0,0,0,0,0,0,0,3,24,34,0.46,0.54,0.68,0.32
TEN,2023,3,1,0.023,0,3,27,130,104,26,0,0,0,5,0,0,2,0,0,0,2,1,2,0,3,25,15,0.67,0.33,0.54,0.46
TEN,2023,4,0,0.065,0.052,27,3,415,242,173,2,1,0,11,9,1,4,0,0,0,1,1,1,0,3,25,33,0.47,0.52,0.65,0.33
TEN,2023,5,-1,0.045,0.018,16,23,353,264,89,0,1,0,14,4,1,0,0,0,0,1,0,1,0,1,34,22,0.6,0.36,0.44,0.54
TEN,2023,6,1,0.057,0.026,16,24,279,150,129,0,1,0,4,5,1,0,0,0,1,1,1,0,0,1,20,19,0.59,0.41,0.44,0.54
WAS,2023,1,-1,0.071,0.034,21,10,294,202,92,1,1,0,10,7,1,2,2,0,0,2,2,2,0,3,30,28,0.57,0.43,0.57,0.43
WAS,2023,2,2,0.083,0.063,35,33,421,299,122,2,2,0,11,11,0,1,0,0,1,2,1,1,0,7,39,24,0.64,0.36,0.62,0.37
WAS,2023,3,-4,0.015,0,4,31,275,170,105,0,0,0,8,5,4,1,1,0,1,0,0,0,0,0,25,13,0.75,0.25,0.49,0.48
WAS,2023,4,0,0.078,0.058,31,34,397,290,107,1,3,0,12,9,0,2,0,0,0,1,0,1,0,3,41,28,0.62,0.38,0.59,0.41
WAS,2023,5,-2,0.048,0.033,20,40,417,388,29,2,0,0,21,1,1,1,1,0,0,1,0,1,0,3,50,11,0.84,0.16,0.5,0.5
WAS,2023,6,3,0.108,0.067,24,16,223,151,72,3,0,0,9,3,0,0,0,0,3,0,0,0,0,3,23,22,0.56,0.4,0.61,0.38
ARI,2024,1,0,0.098,0.053,28,34,286,162,124,1,2,0,10,7,0,1,1,0,0,1,1,1,0,2,31,26,0.57,0.41,0.43,0.55
ARI,2024,2,0,0.082,0.082,41,10,497,266,231,3,2,0,9,14,0,2,1,0,0,1,1,1,0,5,21,40,0.35,0.65,0.62,0.38
ARI,2024,3,0,0.046,0.02,13,20,284,207,77,1,0,0,10,2,1,0,0,0,1,0,0,0,0,2,33,18,0.66,0.34,0.37,0.6
ARI,2024,4,0,0.043,0.037,14,42,323,142,181,1,1,0,5,12,0,3,1,0,1,0,0,0,0,0,22,32,0.45,0.55,0.46,0.54
ARI,2024,5,2,0.082,0.054,30,17,364,195,169,1,2,0,10,9,1,1,0,0,2,1,1,1,0,2,29,27,0.53,0.43,0.59,0.41
ARI,2024,6,-2,0.043,0.018,13,34,303,214,89,1,0,0,8,5,0,3,3,0,1,0,0,0,0,0,32,23,0.58,0.42,0.46,0.51
ATL,2024,1,-3,0.041,0.022,10,18,244,155,89,1,0,0,8,6,2,1,1,0,0,1,0,0,0,2,24,22,0.54,0.44,0.38,0.62
ATL,2024,2,1,0.056,0.035,22,21,393,241,152,2,0,0,11,9,0,1,0,0,1,0,0,0,0,1,29,28,0.53,0.44,0.45,0.54
ATL,2024,3,0,0.054,0.038,17,22,312,230,82,1,1,0,11,4,1,2,0,0,1,0,0,0,0,0,28,25,0.55,0.43,0.54,0.42
ATL,2024,4,-1,0.046,0,15,25,326,238,88,0,0,1,9,4,1,2,1,0,1,0,0,0,0,1,34,15,0.71,0.29,0.53,0.47
ATL,2024,5,0,0.062,0.053,36,30,582,509,73,4,0,0,24,2,1,1,0,0,0,2,1,2,0,1,58,18,0.75,0.22,0.49,0.49
ATL,2024,6,1,0.09,0.058,38,20,423,225,198,1,3,0,11,13,0,1,1,0,2,2,0,2,0,0,30,39,0.43,0.51,0.61,0.39
BAL,2024,1,0,0.044,0.027,20,27,458,273,185,1,1,0,11,13,0,1,1,0,1,0,0,0,0,2,41,32,0.57,0.43,0.6,0.38
BAL,2024,2,0,0.059,0.033,23,26,393,247,146,1,1,0,14,5,1,0,0,0,1,1,0,1,0,5,33,27,0.54,0.43,0.72,0.27
BAL,2024,3,1,0.061,0.067,28,25,456,182,274,1,3,0,8,16,0,0,0,0,0,2,1,1,0,3,15,45,0.25,0.72,0.78,0.22
BAL,2024,4,0,0.082,0.094,35,10,428,157,271,2,3,0,9,11,0,3,1,0,0,1,1,1,0,3,19,34,0.37,0.63,0.6,0.4
BAL,2024,5,0,0.078,0.066,41,36,523,348,175,4,1,0,18,11,0,2,1,1,1,0,0,0,0,3,42,34,0.56,0.43,0.64,0.36
BAL,2024,6,-1,0.06,0.048,30,23,499,323,176,1,2,0,16,9,1,1,0,0,0,0,0,0,0,3,25,37,0.43,0.54,0.68,0.32
BUF,2024,1,0,0.094,0.071,34,28,362,232,130,2,2,0,11,8,0,1,1,0,0,1,1,1,0,4,23,33,0.43,0.55,0.57,0.41
BUF,2024,2,3,0.101,0.067,25,11,247,139,108,1,2,1,5,7,0,1,0,0,3,0,0,0,0,2,19,26,0.42,0.51,0.55,0.45
BUF,2024,3,2,0.121,0.1,47,10,388,266,122,4,2,0,15,9,0,0,0,0,1,1,1,1,0,5,31,29,0.52,0.47,0.75,0.25
BUF,2024,4,0,0.038,0.019,10,35,263,182,81,0,1,0,6,5,0,1,1,0,0,3,1,2,0,1,31,23,0.6,0.4,0.37,0.63
BUF,2024,5,2,0.071,0.034,20,23,281,131,150,1,1,0,5,9,0,0,0,0,1,1,1,1,0,1,30,28,0.53,0.47,0.58,0.42
BUF,2024,6,1,0.063,0.052,23,20,364,215,149,2,1,0,10,10,0,1,0,0,1,1,0,1,0,3,25,33,0.45,0.5,0.64,0.36
CAR,2024,1,-4,0.046,0.02,10,47,219,161,58,0,1,0,7,2,2,2,2,0,0,0,0,0,0,1,29,20,0.64,0.36,0.4,0.6
CAR,2024,2,1,0.017,0,3,26,174,84,90,0,0,0,3,4,1,0,0,0,1,1,1,1,0,1,25,18,0.61,0.39,0.32,0.63
CAR,2024,3,1,0.08,0.059,36,22,450,319,131,3,1,0,15,8,0,0,0,0,1,0,0,0,0,3,37,31,0.56,0.41,0.73,0.27
CAR,2024,4,0,0.064,0.043,24,34,375,220,155,2,1,0,12,10,1,0,0,0,1,0,0,0,0,0,40,29,0.59,0.4,0.5,0.5
CAR,2024,5,-3,0.032,0.019,10,36,314,194,120,0,1,0,9,4,1,4,2,0,0,0,0,0,0,1,34,19,0.67,0.33,0.44,0.51
CAR,2024,6,-1,0.06,0.033,20,38,335,221,114,2,0,0,12,8,2,2,0,0,0,1,1,1,0,0,36,24,0.61,0.39,0.43,0.51
CHI,2024,1,2,0.068,0,12,24,177,93,84,0,0,1,5,6,0,3,1,0,2,1,1,1,0,3,29,22,0.59,0.37,0.57,0.43
CHI,2024,2,-1,0.053,0.018,13,19,245,174,71,0,1,0,7,3,2,0,0,0,0,1,1,1,0,3,35,22,0.67,0.33,0.64,0.34
CHI,2024,3,-1,0.038,0.026,16,21,426,363,63,2,0,0,18,4,2,1,1,0,2,0,0,0,0,1,50,28,0.66,0.33,0.39,0.56
CHI,2024,4,2,0.083,0.059,24,18,288,157,131,1,2,0,7,7,0,1,0,0,1,1,1,1,0,3,23,28,0.48,0.48,0.56,0.42
CHI,2024,5,3,0.083,0.074,36,10,432,304,128,2,3,0,12,11,0,0,0,0,1,4,2,2,0,4,29,39,0.44,0.51,0.67,0.33
CHI,2024,6,1,0.093,0.088,35,16,378,226,152,4,1,0,14,8,1,1,0,0,1,2,1,2,0,4,28,29,0.52,0.43,0.67,0.31
CIN,2024,1,0,0.043,0.022,10,16,234,164,70,0,1,0,7,5,0,2,1,0,0,2,1,2,0,1,29,16,0.67,0.33,0.39,0.56
CIN,2024,2,2,0.078,0.034,26,20,332,258,74,2,0,0,11,6,0,3,1,0,2,1,1,1,0,2,36,22,0.64,0.36,0.47,0.53
CIN,2024,3,0,0.074,0.069,33,38,448,324,124,3,1,0,18,11,0,0,0,0,0,1,0,1,0,2,38,20,0.67,0.33,0.44,0.53
CIN,2024,4,0,0.091,0.066,34,24,373,232,141,2,2,0,14,6,1,0,0,0,1,0,0,0,0,0,30,31,0.5,0.5,0.59,0.4
CIN,2024,5,0,0.078,0.081,36,41,463,392,71,5,0,0,19,3,1,0,0,0,0,2,1,0,1,1,38,24,0.64,0.36,0.56,0.43
CIN,2024,6,0,0.052,0.042,17,7,329,208,121,0,2,0,10,3,0,2,1,0,1,0,0,0,0,2,28,20,0.62,0.35,0.55,0.41
CLE,2024,1,-2,0.088,0.048,23,27,262,169,93,1,2,0,8,5,2,1,0,0,0,1,0,1,0,3,43,19,0.73,0.27,0.58,0.4
CLE,2024,2,0,0.051,0.016,16,13,311,186,125,0,1,0,7,7,0,1,0,0,0,1,0,1,1,4,34,29,0.55,0.45,0.6,0.38
CLE,2024,3,0,0.057,0.036,15,21,265,196,69,2,0,0,7,7,0,2,2,0,0,3,2,2,0,2,37,18,0.72,0.27,0.54,0.42
CLE,2024,4,0,0.037,0.019,10,21,268,176,92,1,0,1,9,6,1,1,0,0,0,1,1,1,0,2,31,22,0.61,0.39,0.47,0.49
CLE,2024,5,1,0.053,0.019,13,34,245,141,104,1,0,0,7,4,0,1,1,0,1,2,1,2,0,3,29,23,0.61,0.39,0.48,0.52
CLE,2024,6,0,0.037,0,10,26,268,168,100,0,0,0,7,6,0,0,0,0,0,1,0,0,0,1,23,25,0.53,0.47,0.42,0.52
DAL,2024,1,2,0.096,0.035,27,23,281,179,102,1,1,0,8,7,0,1,0,0,2,1,0,1,0,6,32,25,0.58,0.4,0.73,0.27
DAL,2024,2,-1,0.052,0.016,19,44,367,299,68,1,0,0,13,5,2,1,0,0,1,0,0,0,0,1,40,21,0.67,0.32,0.3,0.64
DAL,2024,3,-1,0.058,0.045,25,28,430,379,51,2,1,0,18,2,0,2,1,0,0,0,0,0,0,0,51,16,0.78,0.22,0.25,0.72
DAL,2024,4,1,0.066,0.04,20,15,301,221,80,2,0,0,9,5,0,1,0,0,1,1,0,1,0,1,27,23,0.55,0.43,0.63,0.35
DAL,2024,5,-2,0.043,0.028,20,17,461,352,109,2,0,0,14,9,2,2,1,0,0,2,1,2,0,3,40,31,0.59,0.41,0.54,0.46
DAL,2024,6,-5,0.032,0,9,47,277,224,53,0,0,0,10,2,3,2,2,0,0,1,0,1,0,3,41,17,0.74,0.26,0.45,0.52
DEN,2024,1,-3,0.068,0.015,16,26,237,138,99,0,1,0,6,7,2,3,2,0,1,0,0,0,2,2,40,25,0.64,0.36,0.46,0.49
DEN,2024,2,-2,0.019,0,6,13,310,246,64,0,0,0,8,5,2,0,0,0,0,1,0,0,0,2,33,19,0.66,0.34,0.38,0.62
DEN,2024,3,1,0.074,0.031,26,7,352,216,136,0,2,0,8,10,0,1,1,0,1,1,1,1,0,7,36,28,0.56,0.42,0.71,0.29
DEN,2024,4,0,0.054,0.018,10,9,186,60,126,1,0,0,3,8,0,1,1,0,0,1,1,1,0,5,25,31,0.45,0.52,0.67,0.33
DEN,2024,5,3,0.089,0.055,28,19,315,206,109,2,1,1,9,6,0,1,0,0,3,0,0,0,0,3,27,28,0.5,0.43,0.61,0.39
DEN,2024,6,-2,0.049,0.04,16,23,326,216,110,2,0,0,10,7,1,1,1,0,0,1,0,1,0,3,32,18,0.67,0.33,0.49,0.47
DET,2024,1,0,0.068,0.052,26,20,380,217,163,1,2,0,7,12,1,0,0,0,1,0,0,0,0,2,27,31,0.49,0.51,0.69,0.31
DET,2024,2,-1,0.035,0.012,16,20,463,324,139,0,1,0,16,7,2,0,0,0,1,2,0,2,0,5,54,27,0.66,0.33,0.51,0.47
DET,2024,3,0,0.052,0.046,20,13,386,199,187,2,1,0,11,12,1,0,0,0,1,0,0,0,0,1,22,43,0.37,0.6,0.66,0.34
DET,2024,4,2,0.101,0.128,42,27,415,299,116,3,3,0,12,8,0,0,0,1,1,1,1,1,0,3,19,28,0.44,0.52,0.76,0.24
DET,2024,6,5,0.091,0.079,47,9,518,334,184,3,2,0,14,12,0,1,0,0,3,2,2,2,0,4,27,36,0.45,0.52,0.74,0.26
DET,2024,7,0,0.075,0.077,32,23,424,280,144,2,2,0,15,3,0,3,1,0,1,0,0,0,0,4,25,27,0.52,0.45,0.6,0.4
GB,2024,1,2,0.069,0.054,29,34,423,260,163,2,1,0,9,7,1,1,0,0,2,2,1,0,0,2,34,22,0.63,0.37,0.47,0.51
GB,2024,2,2,0.042,0.015,16,10,383,122,261,1,0,0,6,13,0,1,1,0,3,4,0,1,0,1,14,53,0.21,0.79,0.64,0.34
GB,2024,3,3,0.062,0.036,24,15,390,202,188,1,1,1,6,9,0,0,0,0,2,1,1,1,0,8,19,37,0.37,0.63,0.79,0.21
GB,2024,4,-3,0.061,0.057,29,31,475,389,86,4,0,0,19,3,3,2,2,0,1,1,1,1,0,2,51,19,0.75,0.25,0.47,0.48
GB,2024,5,1,0.071,0.055,25,13,350,224,126,2,1,0,8,9,1,1,0,0,1,1,1,1,0,3,25,30,0.48,0.48,0.62,0.38
GB,2024,6,2,0.078,0.058,34,13,437,258,179,4,0,0,15,9,1,0,0,0,0,3,3,2,0,0,31,38,0.46,0.51,0.58,0.42
HOU,2024,1,1,0.065,0.041,29,27,447,234,213,2,1,0,13,11,0,0,0,0,1,0,0,0,0,2,32,41,0.47,0.51,0.48,0.52
HOU,2024,2,1,0.057,0.017,19,13,335,260,75,1,0,0,11,4,0,1,1,0,2,0,0,0,0,7,36,22,0.64,0.34,0.67,0.33
HOU,2024,3,-2,0.02,0.018,7,34,345,307,38,1,0,0,16,0,2,0,0,0,0,1,0,1,0,4,42,14,0.76,0.22,0.53,0.45
HOU,2024,4,1,0.054,0.045,24,20,446,345,101,2,1,0,20,4,0,0,0,0,0,2,1,0,0,1,40,26,0.62,0.38,0.59,0.4
HOU,2024,5,-2,0.054,0.031,23,20,425,331,94,1,1,0,13,5,1,1,1,0,0,0,0,0,0,1,37,28,0.58,0.42,0.53,0.47
HOU,2024,6,3,0.107,0.085,41,21,384,192,192,3,2,0,13,5,1,2,0,0,2,2,2,2,0,4,31,28,0.55,0.44,0.59,0.41
IND,2024,1,-1,0.085,0.098,27,29,316,212,104,2,2,0,4,9,1,0,0,0,0,0,0,0,0,4,18,23,0.48,0.52,0.47,0.51
IND,2024,2,-2,0.029,0.02,10,16,344,204,140,1,0,0,10,8,3,4,0,0,0,1,1,1,0,0,31,18,0.64,0.34,0.21,0.79
IND,2024,3,1,0.066,0.059,21,16,317,167,150,0,3,0,4,9,2,0,0,0,2,1,1,1,0,4,18,33,0.39,0.56,0.66,0.33
IND,2024,4,2,0.073,0.048,27,24,372,239,133,2,1,0,13,7,0,1,0,0,0,3,2,2,0,4,30,32,0.5,0.48,0.54,0.44
IND,2024,5,1,0.071,0.062,34,37,482,383,99,3,1,0,17,7,0,1,1,0,1,2,1,2,0,0,45,20,0.71,0.28,0.6,0.4
IND,2024,6,0,0.074,0.031,20,17,269,189,80,2,0,0,11,4,1,0,0,0,1,1,0,1,0,0,37,28,0.58,0.42,0.49,0.51
JAX,2024,1,-1,0.059,0.043,17,20,290,162,128,1,1,0,8,7,0,2,1,0,0,0,0,0,0,3,21,26,0.48,0.52,0.62,0.38
JAX,2024,2,0,0.037,0.02,13,16,347,220,127,0,1,0,9,7,0,1,0,1,0,1,0,1,0,2,30,21,0.6,0.38,0.55,0.45
JAX,2024,3,-2,0.034,0.016,10,47,292,200,92,1,0,0,10,7,1,1,1,0,0,0,0,0,0,0,45,17,0.75,0.25,0.52,0.47
JAX,2024,4,-1,0.061,0.035,20,24,327,169,158,2,0,0,11,5,0,2,1,0,0,0,0,0,0,2,33,24,0.59,0.4,0.62,0.38
JAX,2024,5,-1,0.074,0.071,37,34,497,371,126,2,2,0,13,6,1,2,1,0,0,1,1,1,0,4,33,23,0.6,0.4,0.71,0.28
JAX,2024,6,-1,0.052,0.036,16,35,308,240,68,2,0,0,14,3,1,2,1,0,1,1,0,1,0,3,35,20,0.67,0.31,0.52,0.43
KC,2024,1,0,0.074,0.064,27,20,363,291,72,1,2,0,15,4,1,0,0,0,0,1,1,1,0,1,27,20,0.6,0.38,0.57,0.43
KC,2024,2,-2,0.067,0.036,20,26,300,151,149,2,0,1,7,9,2,1,1,0,0,3,1,2,0,3,23,32,0.47,0.53,0.64,0.36
KC,2024,3,0,0.064,0.028,22,17,345,217,128,2,0,0,13,9,1,0,0,0,1,2,0,1,0,2,38,33,0.54,0.42,0.55,0.43
KC,2024,4,-2,0.049,0.037,17,10,346,245,101,1,1,0,8,6,1,2,1,0,0,1,0,0,0,2,28,26,0.55,0.4,0.55,0.45
KC,2024,5,0,0.055,0.026,26,13,470,331,139,0,2,0,15,11,1,1,0,0,1,0,0,0,0,1,38,39,0.51,0.45,0.71,0.29
KC,2024,7,1,0.083,0.063,28,18,338,154,184,0,4,0,11,11,2,0,0,0,3,1,0,1,0,1,25,39,0.43,0.54,0.58,0.42
LA,2024,1,0,0.05,0.028,20,26,400,317,83,1,1,0,15,8,1,0,0,0,1,0,0,0,0,2,48,23,0.69,0.31,0.49,0.51
LA,2024,2,0,0.037,0.021,10,41,269,216,53,0,1,0,9,4,0,1,1,0,0,2,1,1,0,1,27,20,0.62,0.38,0.35,0.65
LA,2024,3,1,0.085,0.058,27,24,319,221,98,1,2,0,8,8,0,0,0,0,0,2,1,2,0,1,26,26,0.53,0.47,0.48,0.52
LA,2024,4,-2,0.052,0.019,18,24,343,224,119,0,1,0,11,8,1,1,1,0,0,1,0,1,0,3,28,26,0.56,0.42,0.48,0.48
LA,2024,5,-1,0.033,0.027,13,25,394,260,134,1,1,1,11,12,1,1,1,0,1,1,0,1,0,2,44,29,0.62,0.38,0.48,0.48
LA,2024,7,3,0.052,0.04,14,16,269,154,115,0,2,1,6,7,1,0,0,0,3,1,1,1,0,2,22,28,0.46,0.5,0.61,0.39
LAC,2024,1,3,0.069,0.037,22,10,320,144,176,1,1,0,6,5,0,0,0,0,1,2,2,1,0,4,26,28,0.49,0.45,0.63,0.37
LAC,2024,2,-1,0.074,0.048,26,3,349,130,219,2,1,0,8,10,1,1,1,0,1,0,0,0,0,2,19,44,0.32,0.63,0.61,0.39
LAC,2024,3,1,0.048,0.025,10,20,210,149,61,1,0,0,7,3,0,2,0,0,1,0,0,0,0,2,20,20,0.56,0.44,0.52,0.45
LAC,2024,4,2,0.043,0.02,10,17,234,179,55,1,0,0,9,3,0,1,0,0,1,2,1,2,0,3,27,24,0.55,0.45,0.55,0.4
LAC,2024,6,2,0.063,0.028,23,16,365,237,128,1,1,0,10,10,0,1,0,0,1,1,1,1,0,2,34,38,0.49,0.47,0.67,0.33
LAC,2024,7,1,0.037,0,15,17,408,349,59,0,0,0,14,5,0,2,1,0,1,2,1,2,0,0,39,22,0.64,0.34,0.47,0.49
LV,2024,1,-3,0.03,0.019,10,22,328,257,71,1,0,0,12,1,1,2,2,0,0,0,0,0,0,1,32,22,0.63,0.37,0.49,0.45
LV,2024,2,0,0.086,0.037,26,23,303,276,27,1,1,0,14,1,1,1,0,0,1,0,0,0,0,2,37,17,0.72,0.27,0.54,0.43
LV,2024,3,-1,0.063,0.055,22,36,351,296,55,2,1,0,15,3,1,0,0,0,0,0,0,0,0,2,39,16,0.73,0.27,0.56,0.41
LV,2024,4,0,0.074,0.038,21,10,282,130,152,0,2,0,7,8,0,1,1,0,1,1,0,0,0,3,24,29,0.47,0.49,0.61,0.39
LV,2024,5,-3,0.055,0.033,19,28,346,231,115,1,1,0,13,5,3,0,0,0,0,1,0,0,0,3,34,26,0.61,0.39,0.5,0.43
LV,2024,6,-3,0.046,0.034,13,32,284,227,57,1,1,0,11,5,1,2,2,0,0,2,0,0,0,3,39,19,0.69,0.31,0.44,0.52
MIA,2024,1,1,0.048,0.032,20,17,419,338,81,1,1,0,11,5,0,0,0,0,0,2,1,2,0,3,37,25,0.62,0.38,0.48,0.52
MIA,2024,2,-3,0.03,0.014,11,25,364,225,139,1,0,0,12,8,3,0,0,0,0,1,0,0,0,0,36,34,0.55,0.45,0.42,0.51
MIA,2024,3,2,0.012,0,3,24,251,186,65,0,0,0,8,2,0,3,0,0,2,1,0,0,0,3,32,18,0.68,0.32,0.62,0.35
MIA,2024,4,0,0.059,0.019,12,29,202,96,106,0,1,0,4,6,0,1,1,1,1,0,0,0,0,1,22,30,0.45,0.55,0.34,0.65
MIA,2024,5,-2,0.039,0.014,15,10,387,194,193,0,1,0,10,10,1,3,1,0,0,0,0,0,0,2,30,41,0.46,0.54,0.64,0.35
MIA,2024,7,-1,0.029,0.015,10,16,349,161,188,1,0,0,8,9,0,2,2,0,0,1,1,0,0,0,26,40,0.4,0.59,0.39,0.59
MIN,2024,1,0,0.069,0.061,22,7,319,208,111,2,1,1,8,7,1,2,1,0,2,0,0,0,0,5,23,26,0.49,0.49,0.69,0.31
MIN,2024,2,0,0.056,0.041,23,17,414,268,146,2,0,0,9,8,1,4,1,0,1,2,1,1,0,6,25,24,0.54,0.41,0.63,0.37
MIN,2024,3,2,0.114,0.071,34,7,299,181,118,4,0,0,12,5,0,1,0,0,2,0,0,0,0,5,28,28,0.53,0.45,0.76,0.22
MIN,2024,4,3,0.078,0.066,31,29,395,275,120,3,1,0,11,8,1,1,1,0,3,2,2,1,0,1,27,34,0.47,0.48,0.75,0.25
MIN,2024,5,1,0.06,0.016,17,18,285,203,82,0,1,1,8,4,1,2,1,0,3,1,0,1,0,3,31,30,0.55,0.42,0.8,0.2
MIN,2024,7,0,0.058,0.043,23,32,398,259,139,1,1,1,10,4,1,0,0,0,0,3,1,3,0,4,26,21,0.6,0.4,0.52,0.45
NE,2024,1,0,0.055,0.016,16,10,291,121,170,0,1,0,6,11,0,2,1,0,0,2,1,2,0,3,24,39,0.39,0.56,0.67,0.33
NE,2024,2,0,0.06,0.032,20,23,334,149,185,1,1,0,9,8,0,1,0,0,0,0,0,0,0,3,27,36,0.45,0.55,0.7,0.27
NE,2024,3,-1,0.015,0,3,24,198,120,78,0,0,0,6,3,0,1,1,0,0,1,0,1,0,2,26,15,0.69,0.31,0.53,0.47
NE,2024,4,-1,0.058,0.018,14,24,241,168,73,1,0,0,8,2,1,4,2,0,1,3,1,1,0,1,31,24,0.61,0.39,0.47,0.52
NE,2024,5,2,0.032,0.019,10,15,311,160,151,0,1,0,8,5,0,0,0,0,1,3,1,1,0,3,34,19,0.64,0.35,0.46,0.54
NE,2024,6,-3,0.065,0.053,21,41,325,243,82,3,0,0,12,3,2,2,2,0,1,2,0,1,0,2,31,26,0.59,0.41,0.55,0.44
NO,2024,1,4,0.124,0.082,47,10,380,200,180,3,2,0,7,13,0,0,0,0,2,2,2,1,0,4,24,37,0.4,0.6,0.64,0.36
NO,2024,2,1,0.102,0.111,44,19,433,243,190,2,4,0,8,15,1,0,0,0,2,1,0,1,0,3,15,39,0.3,0.64,0.67,0.32
NO,2024,3,1,0.052,0.019,12,15,231,142,89,1,0,0,7,5,1,0,0,0,1,2,1,2,0,4,24,29,0.48,0.5,0.62,0.34
NO,2024,4,1,0.068,0.044,25,15,370,239,131,0,3,1,11,12,1,0,0,0,1,2,1,1,0,1,35,33,0.53,0.47,0.71,0.29
NO,2024,5,0,0.057,0.041,13,26,228,182,46,2,0,0,11,1,1,0,0,0,1,1,0,1,0,2,34,15,0.71,0.29,0.51,0.45
NO,2024,6,0,0.068,0.034,22,51,324,243,81,1,1,0,13,3,2,3,1,0,3,1,0,1,0,1,38,21,0.68,0.32,0.52,0.48
NYG,2024,1,0,0.027,0,7,22,260,186,74,0,0,0,8,5,2,0,0,0,1,2,1,1,0,1,40,21,0.69,0.31,0.49,0.49
NYG,2024,2,-1,0.059,0.06,18,21,307,178,129,2,1,0,11,5,0,1,1,0,0,0,0,0,0,5,28,22,0.58,0.42,0.49,0.48
NYG,2024,3,0,0.06,0.045,21,15,348,236,112,2,1,0,13,7,0,3,2,0,0,2,2,1,0,8,35,32,0.54,0.42,0.72,0.27
NYG,2024,4,-1,0.049,0,15,20,307,281,26,0,0,0,12,4,1,1,0,0,0,1,0,1,0,1,39,24,0.63,0.35,0.55,0.43
NYG,2024,5,0,0.056,0.029,24,20,432,257,175,2,0,0,14,8,0,2,1,0,0,1,1,1,0,7,34,35,0.51,0.46,0.81,0.19
NYG,2024,6,0,0.022,0.014,7,17,324,205,119,0,1,0,10,11,1,0,0,0,0,2,1,2,0,4,40,31,0.55,0.41,0.62,0.35
NYJ,2024,1,-2,0.07,0.063,19,32,271,203,68,2,1,0,11,3,1,1,1,0,0,0,0,0,0,3,28,20,0.61,0.37,0.46,0.53
NYJ,2024,2,2,0.087,0.056,24,17,277,176,101,2,1,0,9,6,0,0,0,0,1,1,1,1,0,4,30,24,0.57,0.41,0.53,0.47
NYJ,2024,3,1,0.058,0.044,24,3,414,281,133,2,1,0,16,9,0,1,0,0,0,1,1,1,0,7,35,33,0.53,0.47,0.69,0.31
NYJ,2024,4,0,0.031,0,9,10,289,225,64,0,0,0,10,4,0,1,1,0,0,1,1,1,0,0,42,23,0.67,0.33,0.45,0.52
NYJ,2024,5,-1,0.064,0.031,18,17,280,244,36,2,0,0,13,2,3,1,0,0,1,2,1,0,0,4,51,14,0.8,0.2,0.55,0.42
NYJ,2024,6,-1,0.048,0.036,20,23,415,294,121,2,0,0,12,5,1,1,0,0,0,1,0,1,0,2,34,21,0.64,0.36,0.45,0.5
PHI,2024,1,-2,0.081,0.057,34,29,422,278,144,2,2,0,14,8,2,2,1,0,1,1,0,1,0,2,32,38,0.47,0.51,0.63,0.37
PHI,2024,2,-1,0.057,0.03,21,22,369,183,186,1,1,0,12,10,1,0,0,0,0,1,0,0,0,1,29,38,0.45,0.54,0.53,0.44
PHI,2024,3,-1,0.031,0.032,15,12,483,311,172,0,2,0,11,8,1,2,1,0,1,0,0,0,0,1,37,26,0.62,0.34,0.48,0.5
PHI,2024,4,0,0.052,0.04,14,33,271,158,113,1,1,0,6,9,0,2,1,0,0,2,1,0,0,2,30,20,0.64,0.34,0.66,0.32
PHI,2024,6,0,0.068,0.049,26,10,380,264,116,2,1,0,11,8,0,1,0,0,0,0,0,0,0,5,25,36,0.42,0.52,0.53,0.47
PHI,2024,7,0,0.073,0.067,28,3,383,114,269,1,3,0,6,13,0,1,0,0,0,2,0,1,0,8,15,45,0.31,0.68,0.65,0.33
PIT,2024,1,3,0.061,0,18,10,293,156,137,0,0,0,6,9,0,1,0,0,2,1,1,0,0,2,23,41,0.38,0.62,0.54,0.44
PIT,2024,2,2,0.05,0.018,13,6,258,117,141,1,0,0,7,4,0,1,0,0,2,0,0,0,0,2,20,36,0.38,0.62,0.66,0.34
PIT,2024,3,-1,0.056,0.032,20,10,359,245,114,1,1,0,9,7,1,0,0,0,0,2,0,1,0,5,31,31,0.52,0.45,0.56,0.44
PIT,2024,4,-2,0.055,0.047,24,27,434,312,122,1,2,0,11,10,0,3,2,0,0,1,0,1,0,2,34,30,0.54,0.44,0.5,0.48
PIT,2024,5,2,0.07,0.037,17,20,242,150,92,2,0,0,7,6,0,2,1,0,2,2,1,2,0,2,28,26,0.54,0.46,0.59,0.41
PIT,2024,6,3,0.098,0.051,32,13,328,145,183,0,3,0,6,10,0,2,0,0,1,2,2,2,0,1,24,35,0.44,0.52,0.69,0.31
SEA,2024,1,3,0.082,0.053,26,16,317,171,146,1,2,0,11,5,1,0,0,2,2,3,2,2,0,2,24,33,0.46,0.49,0.64,0.36
SEA,2024,2,0,0.062,0.032,23,20,373,327,46,1,1,0,11,5,0,0,0,0,0,1,0,1,0,3,44,19,0.7,0.27,0.45,0.55
SEA,2024,3,-2,0.062,0.055,24,3,389,289,100,1,2,0,13,7,2,1,0,0,0,3,0,2,0,6,32,23,0.62,0.35,0.68,0.32
SEA,2024,4,-2,0.051,0.054,27,42,528,395,133,1,3,0,22,10,1,1,1,0,0,0,0,0,1,3,55,19,0.76,0.24,0.44,0.52
SEA,2024,5,0,0.052,0.039,20,24,386,284,102,1,1,1,14,3,0,1,1,0,0,2,1,2,0,3,40,11,0.81,0.19,0.51,0.46
SEA,2024,6,-3,0.066,0.043,24,36,364,312,52,1,2,0,18,3,2,2,1,0,0,0,0,0,0,0,50,20,0.71,0.27,0.45,0.53
SF,2024,1,2,0.078,0.03,32,19,411,231,180,0,2,0,12,10,0,0,0,0,1,1,1,1,0,1,29,38,0.46,0.53,0.61,0.37
SF,2024,2,0,0.04,0.033,17,23,421,319,102,1,1,0,17,5,1,2,1,0,1,4,1,2,0,4,35,25,0.63,0.37,0.54,0.41
SF,2024,3,-1,0.056,0.047,24,27,429,292,137,3,0,0,13,8,0,2,1,0,0,0,0,0,0,3,30,34,0.48,0.52,0.53,0.47
SF,2024,4,1,0.055,0.034,24,14,436,288,148,1,1,1,12,6,1,3,1,0,1,4,2,4,0,6,26,32,0.47,0.52,0.61,0.39
SF,2024,5,-2,0.043,0.017,17,30,397,244,153,1,0,0,13,9,2,1,1,0,1,1,0,1,0,1,33,26,0.59,0.41,0.53,0.43
SF,2024,6,3,0.075,0.065,36,24,483,255,228,3,1,0,10,9,0,0,0,0,2,2,1,2,0,1,28,34,0.45,0.53,0.71,0.27
TB,2024,1,0,0.092,0.067,37,20,401,289,112,4,0,0,15,4,0,0,0,0,0,3,0,2,0,2,30,30,0.51,0.46,0.47,0.51
TB,2024,2,1,0.078,0.049,20,16,255,185,70,1,1,0,9,3,1,2,0,0,2,0,0,0,0,0,18,23,0.51,0.47,0.66,0.33
TB,2024,3,-1,0.028,0.021,7,26,254,163,91,1,0,0,11,4,1,1,1,0,0,1,1,1,0,0,32,16,0.71,0.29,0.56,0.42
TB,2024,4,0,0.072,0.056,33,14,458,347,111,2,2,0,18,9,0,2,1,0,0,2,1,2,0,6,47,25,0.66,0.32,0.64,0.34
TB,2024,5,0,0.088,0.06,30,36,340,180,160,3,0,0,12,8,0,2,1,0,1,1,0,1,0,4,24,26,0.49,0.49,0.75,0.22
TB,2024,6,0,0.085,0.103,51,22,602,325,277,4,3,1,15,13,3,1,0,0,2,3,1,2,0,5,33,35,0.52,0.48,0.68,0.32
TEN,2024,1,-2,0.09,0.054,24,12,267,127,140,1,2,0,6,9,2,1,1,0,0,3,1,1,0,2,30,26,0.57,0.43,0.59,0.37
TEN,2024,2,-2,0.053,0.036,17,24,322,192,130,1,1,0,7,9,1,1,1,0,0,0,0,0,0,2,27,28,0.53,0.47,0.57,0.41
TEN,2024,3,-3,0.051,0.047,15,24,293,260,33,2,0,0,14,3,2,1,1,0,0,0,0,0,0,3,32,11,0.79,0.21,0.37,0.63
TEN,2024,4,0,0.115,0.033,29,12,252,110,142,0,2,0,5,8,1,0,0,0,0,1,1,0,1,2,20,40,0.34,0.65,0.45,0.55
TEN,2024,6,0,0.071,0.037,17,20,241,95,146,1,1,0,7,7,1,1,0,0,1,0,0,0,0,0,26,28,0.49,0.51,0.58,0.42
TEN,2024,7,-2,0.033,0.016,10,34,304,215,89,1,0,0,13,2,1,4,1,0,0,1,0,1,0,1,39,24,0.63,0.36,0.63,0.37
WAS,2024,1,0,0.062,0.056,20,37,322,184,138,0,3,0,7,12,0,3,0,0,0,0,0,0,0,1,24,30,0.47,0.51,0.51,0.46
WAS,2024,2,1,0.048,0,21,18,441,226,215,0,0,0,11,9,0,0,0,0,0,1,1,1,0,1,29,35,0.49,0.48,0.58,0.42
WAS,2024,3,0,0.105,0.091,38,33,362,254,108,2,3,0,13,8,0,1,0,0,0,0,0,0,0,2,23,32,0.44,0.53,0.67,0.33
WAS,2024,4,0,0.094,0.076,42,14,449,233,216,1,4,0,14,13,1,0,0,0,0,3,1,3,0,4,29,37,0.46,0.54,0.45,0.55
WAS,2024,5,-1,0.075,0.066,34,13,451,236,215,1,3,0,8,10,1,2,1,0,0,1,1,1,0,7,27,34,0.48,0.52,0.61,0.39
WAS,2024,6,1,0.072,0.038,23,30,321,269,52,2,0,0,16,1,0,0,0,0,1,1,0,0,0,2,35,18,0.68,0.32,0.43,0.54