team,season,turnover_margin,eff_ratio,td_eff,off_points_scored,def_points_allowed,off_yards_total,off_passing_yards,off_rushing_yards,off_pass_touchdowns,off_rush_touchdowns,def_touchdowns,off_first_downs_pass,off_first_downs_rush,off_interceptions_thrown,off_fumbles_total,off_fumbles_lost,off_safeties_allowed,def_interceptions_made,def_fumbles_total,def_fumbles_lost,def_fumbles_forced,def_safeties_recorded,def_sacks,off_pass_attempts,off_rush_attempts,off_pass_percentage,off_rush_percentage,def_pass_percentage,def_rush_percentage
ARI,2012,2,0.051,0.022,233,42,4587,3383,1204,11,10,4,168,58,21,22,13,1,22,19,11,14,0,38,587,352,0.65,0.34,0.51,0.47
ATL,2012,17,0.067,0.045,408,6,6116,4719,1397,32,12,2,246,70,14,9,4,1,20,16,11,15,0,29,601,379,0.63,0.36,0.59,0.41
BAL,2012,3,0.065,0.041,383,18,5897,3996,1901,22,19,2,182,98,11,15,7,1,13,22,10,8,0,37,549,444,0.57,0.41,0.55,0.45
BUF,2012,-2,0.06,0.042,338,12,5647,3430,2217,24,15,1,176,103,17,25,17,0,12,24,9,20,1,36,494,442,0.55,0.44,0.55,0.44
CAR,2012,11,0.058,0.045,346,18,5989,3927,2062,19,23,3,171,123,12,18,7,1,11,22,15,19,1,39,478,462,0.53,0.46,0.59,0.4
CHI,2012,25,0.061,0.035,323,12,5268,3298,1970,21,12,9,163,99,16,21,9,2,24,33,19,26,0,41,469,471,0.53,0.45,0.62,0.37
CIN,2012,4,0.067,0.041,371,24,5552,3807,1745,28,11,3,173,95,16,20,11,0,14,25,15,17,0,51,524,430,0.57,0.41,0.59,0.4
CLE,2012,10,0.056,0.031,292,12,5261,3668,1593,16,13,2,185,71,18,24,6,0,17,23,14,17,0,38,548,397,0.6,0.39,0.58,0.4
DAL,2012,-9,0.059,0.039,367,18,6257,4992,1265,29,10,3,237,76,19,21,11,0,7,16,8,14,0,34,639,356,0.66,0.32,0.55,0.44
DEN,2012,11,0.067,0.047,437,12,6503,4671,1832,37,13,6,232,112,11,20,14,1,16,25,8,20,2,52,577,482,0.56,0.42,0.6,0.39
DET,2012,-8,0.057,0.037,388,36,6752,5139,1613,22,19,0,272,84,17,18,14,0,11,25,8,12,1,34,723,391,0.66,0.33,0.58,0.41
GB,2012,10,0.069,0.051,415,0,6044,4342,1702,40,10,2,213,85,8,17,8,0,18,17,5,8,0,47,550,433,0.58,0.4,0.59,0.4
HOU,2012,16,0.063,0.04,390,0,6169,4046,2123,22,20,3,205,114,13,11,4,1,15,23,14,18,1,44,541,508,0.53,0.45,0.61,0.38
IND,2012,-7,0.057,0.035,342,18,6045,4374,1671,23,14,4,208,110,18,21,8,0,12,11,4,7,0,32,610,441,0.6,0.38,0.57,0.42
JAX,2012,-2,0.053,0.03,272,30,5115,3746,1369,20,8,0,157,76,17,20,10,0,12,17,10,13,0,20,569,360,0.64,0.35,0.5,0.48
KC,2012,-16,0.041,0.02,220,30,5332,2937,2395,8,11,1,144,118,20,25,16,0,7,20,7,13,1,27,455,500,0.5,0.49,0.5,0.48
LA,2012,8,0.049,0.028,270,18,5497,3783,1714,22,5,5,189,79,14,21,8,0,17,19,3,13,1,52,543,411,0.59,0.39,0.57,0.41
LAC,2012,5,0.061,0.035,309,18,5067,3606,1461,26,6,7,184,81,15,24,12,0,14,29,13,18,1,38,513,411,0.58,0.41,0.6,0.4
LV,2012,-7,0.051,0.028,292,12,5712,4292,1420,24,4,0,200,72,16,21,10,0,11,15,8,8,0,25,613,376,0.63,0.36,0.55,0.43
MIA,2012,-1,0.054,0.032,284,12,5227,3425,1802,13,17,0,158,93,13,28,11,0,10,19,8,13,0,42,491,440,0.55,0.43,0.6,0.39
MIN,2012,1,0.064,0.037,356,6,5569,2935,2634,18,17,3,163,113,12,24,11,0,10,19,12,14,0,44,471,487,0.51,0.47,0.6,0.39
NE,2012,34,0.074,0.053,519,0,7028,4844,2184,34,27,5,256,151,9,15,7,1,20,41,21,30,1,37,632,523,0.56,0.43,0.6,0.39
NO,2012,0,0.064,0.052,434,18,6764,5187,1577,43,10,4,267,64,19,16,6,1,15,16,10,10,0,30,652,371,0.65,0.34,0.58,0.41
NYG,2012,11,0.072,0.048,419,12,5829,3967,1862,26,19,2,187,103,15,15,9,0,21,22,11,14,0,33,524,410,0.58,0.41,0.56,0.42
NYJ,2012,-10,0.053,0.03,271,24,5074,3178,1896,14,15,3,162,102,19,30,16,1,11,18,14,14,1,30,474,494,0.52,0.47,0.51,0.47
PHI,2012,-15,0.048,0.029,287,42,5949,4075,1874,18,11,0,190,111,15,37,20,0,8,21,7,12,0,30,603,413,0.61,0.38,0.52,0.47
PIT,2012,-4,0.061,0.037,340,24,5549,4012,1537,27,9,1,202,80,14,30,16,0,10,22,10,16,0,37,560,412,0.59,0.39,0.59,0.4
SEA,2012,14,0.066,0.047,385,18,5813,3234,2579,27,17,2,153,129,10,22,11,1,18,21,10,17,0,36,395,536,0.45,0.54,0.62,0.37
SF,2012,13,0.065,0.047,390,6,6042,3551,2491,23,20,3,172,128,8,26,8,1,14,21,11,15,1,38,428,492,0.49,0.49,0.59,0.39
TB,2012,5,0.062,0.041,369,24,5981,4144,1837,27,13,3,188,89,17,16,6,0,18,15,7,10,0,27,549,416,0.59,0.4,0.63,0.36
TEN,2012,5,0.056,0.033,297,30,5264,3577,1687,17,13,5,166,70,16,19,12,0,19,16,5,14,1,39,524,378,0.61,0.39,0.56,0.43
WAS,2012,21,0.066,0.051,418,0,6375,3666,2709,24,25,4,171,144,8,22,6,0,21,21,10,14,0,32,434,520,0.48,0.51,0.65,0.34
ARI,2013,1,0.059,0.037,346,6,5831,4291,1540,24,12,5,205,84,22,20,9,1,20,22,10,12,2,47,552,423,0.59,0.39,0.64,0.35
ATL,2013,-2,0.059,0.038,339,24,5788,4541,1247,26,11,3,227,64,17,16,10,0,10,19,12,15,0,32,642,321,0.69,0.31,0.55,0.44
BAL,2013,-1,0.06,0.026,313,30,5242,3914,1328,19,8,1,189,68,23,17,8,0,16,19,6,14,0,40,596,424,0.61,0.38,0.57,0.41
BUF,2013,11,0.058,0.03,330,18,5680,3373,2307,16,16,3,149,113,15,27,11,0,23,26,8,14,0,57,507,546,0.51,0.47,0.57,0.42
CAR,2013,14,0.063,0.04,342,0,5405,3379,2026,24,14,4,169,122,13,11,4,2,20,18,12,11,0,60,460,483,0.51,0.47,0.64,0.35
CHI,2013,16,0.065,0.046,410,42,6278,4450,1828,32,13,6,215,102,13,21,10,1,19,25,9,20,0,31,566,406,0.6,0.39,0.53,0.46
CIN,2013,4,0.065,0.046,397,18,6073,4318,1755,33,15,6,205,101,20,19,10,1,20,16,11,14,0,43,567,481,0.56,0.42,0.63,0.36
CLE,2013,-7,0.05,0.031,287,18,5755,4372,1383,26,5,4,200,77,20,18,8,1,14,12,8,7,0,40,661,349,0.68,0.32,0.58,0.4
DAL,2013,7,0.071,0.049,404,6,5730,4226,1504,33,12,5,213,80,12,18,9,0,15,16,12,13,0,34,574,337,0.65,0.34,0.6,0.39
DEN,2013,12,0.078,0.064,584,12,7445,5572,1873,55,17,2,293,107,10,20,11,1,17,31,14,16,0,41,665,461,0.6,0.38,0.61,0.39
DET,2013,-9,0.059,0.042,377,24,6442,4650,1792,29,16,2,221,106,19,28,15,0,15,19,7,10,2,33,615,445,0.6,0.39,0.62,0.37
GB,2013,3,0.06,0.042,403,24,6674,4538,2136,25,18,2,201,119,16,18,8,1,11,18,12,16,0,44,554,459,0.57,0.41,0.57,0.42
HOU,2013,-15,0.046,0.026,275,42,5926,4183,1743,19,8,1,198,90,22,23,9,1,7,12,4,9,1,32,611,415,0.62,0.38,0.53,0.45
IND,2013,19,0.067,0.04,383,12,5695,3952,1743,23,16,1,191,88,10,14,4,1,15,25,11,18,2,42,572,409,0.6,0.38,0.56,0.43
JAX,2013,-1,0.046,0.024,233,24,5011,3751,1260,16,7,2,176,71,21,21,6,0,11,24,10,15,3,31,571,378,0.63,0.37,0.53,0.45
KC,2013,13,0.067,0.044,377,6,5617,3561,2056,24,19,6,179,110,8,23,13,1,21,20,12,13,0,47,538,442,0.57,0.41,0.6,0.39
LA,2013,15,0.062,0.035,315,30,5112,3360,1752,22,10,5,165,82,11,20,11,1,14,27,14,23,1,53,495,428,0.56,0.43,0.57,0.42
LAC,2013,2,0.061,0.04,393,18,6443,4478,1965,32,9,1,230,104,11,14,8,0,11,15,8,10,0,35,533,486,0.54,0.45,0.61,0.39
LV,2013,-2,0.057,0.038,319,18,5629,3629,2000,17,19,3,168,90,20,26,13,0,9,27,11,22,0,38,499,437,0.56,0.43,0.57,0.42
MIA,2013,-1,0.056,0.035,305,12,5406,3966,1440,24,8,2,205,61,19,18,8,1,18,12,5,8,1,42,575,349,0.65,0.34,0.56,0.42
MIN,2013,-10,0.068,0.046,389,24,5726,3645,2081,18,26,1,173,106,19,23,14,0,12,17,7,11,0,41,527,423,0.58,0.41,0.6,0.38
NE,2013,7,0.067,0.04,429,18,6408,4343,2065,25,19,3,225,110,11,21,11,0,17,23,10,12,0,48,617,471,0.58,0.4,0.57,0.42
NO,2013,6,0.063,0.048,416,12,6635,5162,1473,39,10,0,244,87,12,13,4,0,12,14,10,10,0,49,639,392,0.64,0.34,0.59,0.4
NYG,2013,-12,0.058,0.035,300,36,5207,3875,1332,18,14,2,176,77,29,26,15,1,17,25,12,15,0,34,538,382,0.61,0.38,0.58,0.4
NYJ,2013,-6,0.052,0.026,282,36,5428,3270,2158,13,12,1,154,105,22,17,7,0,13,16,2,10,1,41,458,493,0.52,0.48,0.6,0.39
PHI,2013,14,0.063,0.053,440,12,6954,4406,2548,32,21,2,197,133,9,21,9,0,19,27,13,13,2,37,499,503,0.53,0.45,0.61,0.37
PIT,2013,1,0.062,0.038,355,12,5689,4306,1383,28,9,3,207,81,14,17,10,0,10,20,10,15,1,34,572,395,0.61,0.38,0.58,0.41
SEA,2013,23,0.07,0.046,396,6,5696,3508,2188,27,15,4,160,116,9,25,11,0,28,25,9,15,2,44,411,509,0.48,0.5,0.57,0.41
SF,2013,8,0.069,0.043,375,6,5411,3210,2201,21,18,4,148,115,8,21,14,1,18,19,8,12,1,38,409,505,0.47,0.51,0.61,0.38
TB,2013,13,0.056,0.03,270,12,4793,3181,1612,22,6,3,157,75,12,20,10,1,21,16,9,14,1,35,502,420,0.57,0.42,0.57,0.41
TEN,2013,3,0.062,0.039,346,12,5604,3710,1894,22,16,5,172,103,16,24,7,3,13,26,14,13,0,36,517,462,0.55,0.44,0.56,0.42
WAS,2013,-5,0.053,0.036,330,12,6221,4057,2164,20,18,5,198,112,19,30,14,1,16,19,11,12,0,36,592,454,0.59,0.41,0.55,0.42
ARI,2014,9,0.053,0.028,281,6,5298,3990,1308,21,6,4,191,67,12,15,5,0,18,14,7,8,0,35,556,400,0.6,0.39,0.61,0.38
ATL,2014,2,0.059,0.039,368,30,6256,4758,1498,28,11,2,233,75,15,17,10,1,16,17,9,11,0,22,617,373,0.64,0.36,0.56,0.42
BAL,2014,6,0.066,0.044,395,0,6005,3986,2019,27,17,1,194,113,12,18,7,0,11,21,12,14,1,49,542,451,0.55,0.42,0.62,0.37
BUF,2014,12,0.061,0.032,325,12,5338,3856,1482,23,8,1,186,65,13,19,10,2,19,23,11,16,1,54,566,403,0.6,0.38,0.6,0.39
CAR,2014,17,0.058,0.036,340,6,5856,3828,2028,23,13,3,199,117,12,20,9,0,14,32,14,24,0,40,533,473,0.55,0.44,0.6,0.38
CHI,2014,-1,0.059,0.042,321,12,5476,4035,1441,30,10,1,194,91,19,26,12,0,14,18,8,16,0,39,590,356,0.65,0.34,0.58,0.4
CIN,2014,-2,0.064,0.041,362,18,5698,3551,2147,20,20,1,164,122,17,21,10,0,20,13,5,5,3,20,486,492,0.52,0.47,0.59,0.41
CLE,2014,14,0.052,0.03,280,6,5406,3678,1728,12,17,3,179,88,16,16,6,0,21,23,9,15,1,31,486,478,0.53,0.47,0.55,0.44
DAL,2014,10,0.072,0.055,457,12,6362,4008,2354,37,17,3,205,106,11,19,13,1,18,22,14,16,0,28,465,508,0.5,0.49,0.6,0.39
DEN,2014,14,0.072,0.054,470,12,6564,4779,1785,40,16,3,227,98,15,16,6,0,18,21,6,17,1,41,592,443,0.58,0.39,0.66,0.33
DET,2014,15,0.055,0.034,313,0,5706,4284,1422,22,12,2,210,72,12,18,6,1,20,21,9,13,1,42,592,397,0.62,0.36,0.64,0.35
GB,2014,17,0.071,0.055,455,6,6364,4447,1917,38,15,4,222,104,6,20,8,3,18,19,8,13,1,41,530,435,0.57,0.41,0.57,0.42
HOU,2014,11,0.06,0.033,336,12,5621,3460,2161,22,12,5,171,108,13,20,11,1,20,22,12,15,1,38,472,551,0.48,0.5,0.61,0.38
IND,2014,1,0.068,0.048,451,30,6674,5062,1612,42,9,2,251,80,16,32,15,1,12,28,14,20,0,41,645,416,0.62,0.36,0.58,0.41
JAX,2014,-1,0.047,0.028,240,30,5084,3451,1633,15,10,3,154,86,18,14,8,2,6,23,14,19,1,45,539,360,0.64,0.36,0.54,0.44
KC,2014,0,0.064,0.042,341,0,5346,3428,1918,18,20,1,184,92,6,23,12,1,6,16,7,12,0,46,487,420,0.56,0.43,0.58,0.41
LA,2014,2,0.058,0.036,308,48,5330,3695,1635,20,12,3,189,79,16,25,12,0,13,28,11,17,0,40,499,395,0.59,0.4,0.58,0.41
LAC,2014,2,0.058,0.039,330,12,5663,4296,1367,31,6,3,214,75,18,15,4,0,7,23,12,17,1,26,556,398,0.6,0.39,0.56,0.44
LV,2014,-10,0.053,0.028,251,24,4696,3456,1240,22,5,1,173,56,16,31,13,0,9,15,5,10,0,22,613,337,0.65,0.33,0.54,0.44
MIA,2014,6,0.062,0.041,370,0,5938,4066,1872,27,13,3,226,99,12,23,10,0,14,22,12,14,3,39,583,400,0.61,0.37,0.56,0.43
MIN,2014,2,0.056,0.034,302,6,5370,3566,1804,17,14,3,171,90,18,17,2,2,13,14,6,9,0,41,499,415,0.57,0.41,0.56,0.42
NE,2014,18,0.073,0.045,440,12,6018,4291,1727,34,13,2,228,96,9,11,4,0,16,20,9,15,0,40,600,438,0.59,0.39,0.59,0.39
NO,2014,-7,0.059,0.047,401,24,6770,4952,1818,33,16,0,258,101,17,21,13,0,12,15,5,11,2,34,642,406,0.62,0.36,0.56,0.42
NYG,2014,7,0.064,0.043,389,18,6073,4470,1603,30,15,1,218,83,14,20,12,0,17,25,11,16,0,47,593,449,0.59,0.41,0.56,0.42
NYJ,2014,-9,0.053,0.028,290,18,5449,3206,2243,16,12,0,154,112,15,23,8,1,6,19,8,8,1,45,483,507,0.52,0.47,0.59,0.39
PHI,2014,1,0.065,0.043,429,18,6573,4581,1992,27,19,4,218,109,21,22,14,0,12,30,17,24,0,49,600,474,0.58,0.41,0.58,0.41
PIT,2014,1,0.059,0.042,399,6,6749,4997,1752,33,10,4,243,98,10,17,11,0,11,18,10,11,1,33,602,423,0.6,0.38,0.61,0.38
SEA,2014,15,0.062,0.043,386,0,6254,3492,2762,20,22,2,160,144,7,25,8,1,13,27,10,17,1,37,447,525,0.49,0.5,0.59,0.4
SF,2014,13,0.054,0.034,302,12,5583,3407,2176,20,12,3,165,104,10,19,11,0,23,16,7,11,0,36,477,470,0.53,0.45,0.59,0.39
TB,2014,-4,0.053,0.034,267,12,4998,3623,1375,21,8,3,162,72,20,29,12,2,14,24,11,14,0,36,511,353,0.62,0.38,0.56,0.42
TEN,2014,-7,0.047,0.03,242,12,5185,3738,1447,20,6,2,159,75,16,21,9,2,12,9,5,6,1,39,497,357,0.61,0.38,0.53,0.45
WAS,2014,-12,0.052,0.038,317,24,6152,4461,1691,18,17,0,186,88,18,31,16,0,7,26,9,15,0,36,529,402,0.6,0.39,0.57,0.42
ARI,2015,15,0.067,0.052,450,6,6692,4775,1917,35,17,6,237,92,13,19,12,0,19,34,13,21,2,36,549,452,0.56,0.41,0.62,0.37
ATL,2015,-3,0.053,0.035,328,6,6208,4602,1606,21,15,3,230,95,17,26,13,0,15,15,8,12,0,19,604,421,0.61,0.38,0.58,0.4
BAL,2015,-13,0.052,0.028,309,30,5927,4449,1478,21,8,2,211,89,21,16,6,0,6,14,9,8,0,37,655,384,0.64,0.35,0.58,0.4
BUF,2015,8,0.06,0.043,361,12,6032,3600,2432,23,19,3,155,122,9,26,9,0,17,16,9,9,1,21,456,512,0.5,0.48,0.61,0.37
CAR,2015,24,0.078,0.055,483,6,6155,3873,2282,35,21,4,197,136,10,14,10,1,24,26,14,20,0,44,491,526,0.5,0.48,0.65,0.34
CHI,2015,-8,0.061,0.036,345,24,5697,3843,1854,21,14,0,177,108,12,24,11,0,8,14,7,7,0,35,511,470,0.54,0.45,0.56,0.43
CIN,2015,13,0.07,0.051,416,18,5909,4104,1805,31,18,1,191,99,9,17,9,0,21,11,6,10,0,42,496,468,0.53,0.45,0.66,0.33
CLE,2015,-2,0.048,0.028,274,12,5685,4156,1529,20,7,2,192,81,12,27,16,0,11,19,12,15,0,29,597,380,0.64,0.36,0.54,0.44
DAL,2015,-20,0.048,0.026,266,30,5567,3677,1890,16,8,1,175,94,22,19,11,0,8,11,3,5,1,31,506,408,0.58,0.41,0.54,0.44
DEN,2015,0,0.054,0.032,320,18,5934,4216,1718,19,13,5,201,85,23,18,10,1,14,24,11,19,1,52,583,412,0.61,0.38,0.6,0.38
DET,2015,3,0.059,0.041,343,6,5798,4463,1335,33,7,2,236,71,14,16,9,0,9,25,10,17,2,43,618,356,0.66,0.33,0.57,0.41
GB,2015,12,0.063,0.04,359,18,5675,3825,1850,31,9,2,173,100,8,24,9,1,16,19,6,13,0,43,565,437,0.59,0.4,0.58,0.41
HOU,2015,6,0.056,0.033,324,18,5810,4079,1731,29,7,3,210,90,12,24,10,0,14,18,9,14,0,45,607,473,0.58,0.4,0.61,0.38
IND,2015,2,0.06,0.035,320,6,5366,3928,1438,26,9,5,195,77,19,18,10,0,17,21,9,14,1,35,600,396,0.62,0.36,0.58,0.41
JAX,2015,-4,0.061,0.042,359,42,5901,4428,1473,35,5,3,215,69,18,22,10,0,9,19,9,15,0,36,589,354,0.65,0.34,0.58,0.4
KC,2015,23,0.067,0.043,369,12,5537,3493,2044,20,19,6,155,116,7,14,7,0,22,20,8,15,1,47,466,436,0.55,0.44,0.63,0.36
LA,2015,11,0.054,0.031,263,18,4887,2931,1956,11,17,3,126,92,11,20,10,0,13,30,13,19,1,41,462,430,0.53,0.45,0.58,0.4
LAC,2015,-4,0.051,0.032,319,30,6213,4855,1358,30,4,1,230,79,13,19,11,1,11,15,9,9,0,32,654,393,0.64,0.35,0.56,0.42
LV,2015,2,0.063,0.043,352,18,5586,4129,1457,34,7,1,193,74,14,28,12,2,14,16,9,14,2,38,591,370,0.63,0.35,0.63,0.36
MIA,2015,4,0.05,0.038,288,12,5727,4231,1496,24,11,3,194,72,12,21,6,4,13,14,4,9,0,31,576,345,0.65,0.34,0.53,0.45
MIN,2015,5,0.062,0.037,341,0,5457,3246,2211,14,20,3,153,113,9,24,9,1,13,15,8,10,0,43,445,475,0.51,0.47,0.59,0.39
NE,2015,22,0.075,0.052,465,12,6216,4812,1404,36,16,2,229,87,7,14,5,0,12,27,11,22,1,49,622,383,0.63,0.35,0.62,0.37
NO,2015,9,0.058,0.046,390,12,6696,5205,1491,32,16,1,247,98,12,18,7,0,9,28,14,19,0,31,655,399,0.64,0.35,0.58,0.41
NYG,2015,10,0.064,0.041,391,18,6109,4500,1609,36,6,4,208,77,14,25,8,0,15,26,12,17,1,23,609,405,0.62,0.38,0.6,0.39
NYJ,2015,5,0.067,0.045,407,12,6038,4170,1868,33,14,0,210,99,16,19,10,0,18,20,10,13,0,39,588,448,0.58,0.41,0.63,0.36
PHI,2015,0,0.056,0.037,342,18,6084,4341,1743,23,16,4,193,110,18,27,14,0,15,21,9,17,1,37,605,442,0.6,0.39,0.58,0.4
PIT,2015,7,0.062,0.044,405,0,6546,4822,1724,26,16,2,207,91,21,11,6,0,17,31,14,17,0,48,569,388,0.62,0.36,0.64,0.35
SEA,2015,17,0.064,0.047,407,12,6329,4061,2268,34,12,3,190,128,8,20,7,1,14,20,10,18,0,37,481,502,0.52,0.46,0.62,0.37
SF,2015,0,0.045,0.025,234,12,5190,3646,1544,16,7,1,154,83,12,19,3,2,9,12,5,6,0,28,514,390,0.6,0.39,0.53,0.44
TB,2015,4,0.053,0.035,327,18,6204,4042,2162,22,12,3,201,99,15,20,11,0,11,29,13,19,0,38,520,455,0.55,0.44,0.55,0.43
TEN,2015,-15,0.055,0.04,298,30,5378,3893,1485,25,11,2,195,66,17,26,18,0,11,15,6,9,0,39,534,372,0.62,0.37,0.54,0.44
WAS,2015,14,0.064,0.043,376,12,5860,4294,1566,30,12,2,208,81,11,26,9,2,11,36,18,23,1,38,544,429,0.58,0.41,0.6,0.4
ARI,2016,5,0.065,0.047,399,18,6157,4425,1732,28,20,3,229,97,17,29,13,0,14,28,12,21,2,48,629,399,0.63,0.36,0.58,0.4
ATL,2016,17,0.074,0.061,512,12,6888,4960,1928,38,20,5,239,108,7,9,5,0,12,20,9,17,0,34,530,423,0.58,0.41,0.65,0.34
BAL,2016,12,0.058,0.03,335,0,5806,4343,1463,20,11,1,205,79,16,16,5,2,18,27,11,15,0,31,663,367,0.65,0.33,0.61,0.38
BUF,2016,11,0.066,0.049,387,0,5880,3250,2630,17,30,3,155,146,7,20,5,1,12,18,6,11,0,39,467,494,0.51,0.48,0.54,0.44
CAR,2016,6,0.062,0.038,359,24,5776,3962,1814,21,17,3,194,99,19,13,9,1,17,20,11,17,1,47,544,454,0.57,0.42,0.64,0.35
CHI,2016,-12,0.045,0.033,267,12,5874,4139,1735,19,11,2,212,93,19,26,11,1,8,13,4,10,1,37,540,380,0.6,0.39,0.56,0.42
CIN,2016,10,0.054,0.035,323,0,5975,4206,1769,18,17,0,204,100,8,16,7,1,17,16,5,8,1,33,555,446,0.57,0.42,0.6,0.39
CLE,2016,-10,0.048,0.031,260,12,5405,3693,1712,15,13,1,181,83,14,28,12,2,10,10,2,6,0,26,553,350,0.64,0.35,0.53,0.46
DAL,2016,10,0.068,0.05,421,0,6195,3799,2396,25,24,0,191,142,6,25,10,0,9,25,10,17,0,36,477,499,0.5,0.48,0.66,0.33
DEN,2016,5,0.057,0.032,308,6,5398,3914,1484,20,11,4,181,76,11,21,14,2,14,26,13,16,0,42,559,411,0.6,0.39,0.55,0.43
DET,2016,4,0.058,0.035,325,6,5637,4327,1310,24,9,1,217,76,10,9,4,0,10,11,5,8,2,26,584,350,0.64,0.35,0.6,0.39
GB,2016,11,0.07,0.052,433,6,6146,4445,1701,40,11,0,222,91,8,17,8,0,17,16,8,10,0,40,612,376,0.63,0.35,0.62,0.37
HOU,2016,-6,0.052,0.023,272,6,5277,3418,1859,15,9,1,173,102,16,19,8,0,11,16,6,7,1,31,567,456,0.57,0.41,0.58,0.41
IND,2016,1,0.067,0.047,408,18,6119,4491,1628,32,14,1,220,93,15,15,7,1,8,19,9,15,0,33,569,409,0.6,0.38,0.6,0.39
JAX,2016,-12,0.058,0.034,321,18,5556,3925,1631,24,10,1,207,75,16,21,12,1,7,19,7,9,0,33,610,393,0.63,0.37,0.56,0.42
KC,2016,15,0.061,0.037,344,6,5662,3914,1748,19,16,5,197,86,8,21,10,0,18,24,14,15,1,28,538,412,0.58,0.4,0.59,0.4
LA,2016,-6,0.049,0.026,224,36,4565,3313,1252,14,9,1,151,68,20,25,9,0,10,18,8,13,0,31,516,376,0.61,0.38,0.59,0.39
LAC,2016,-5,0.066,0.046,388,24,5896,4386,1510,33,11,5,214,90,21,25,14,1,18,15,10,12,1,35,559,398,0.61,0.39,0.6,0.39
LV,2016,20,0.069,0.046,416,0,6059,4137,1922,29,18,1,198,98,7,19,9,0,16,25,12,20,0,25,589,434,0.59,0.39,0.57,0.42
MIA,2016,12,0.062,0.048,344,6,5540,3716,1824,27,15,1,167,90,15,21,6,0,16,27,11,17,0,33,462,405,0.55,0.44,0.57,0.41
MIN,2016,14,0.054,0.031,289,0,5324,4119,1205,20,10,4,209,66,5,18,10,0,14,24,13,15,1,41,583,382,0.62,0.36,0.59,0.4
NE,2016,20,0.069,0.05,435,0,6328,4456,1872,32,19,0,203,109,2,24,8,0,13,29,11,17,3,34,548,482,0.54,0.44,0.63,0.36
NO,2016,-3,0.068,0.053,477,24,7000,5258,1742,38,18,0,265,105,15,15,8,0,9,19,13,11,1,30,659,407,0.63,0.36,0.6,0.38
NYG,2016,5,0.053,0.033,287,6,5439,4027,1412,26,6,3,190,73,16,20,10,1,17,23,9,14,0,35,582,399,0.61,0.37,0.62,0.37
NYJ,2016,-14,0.051,0.03,279,24,5439,3645,1794,16,12,0,166,97,25,22,9,0,8,22,5,12,0,27,525,419,0.58,0.41,0.57,0.4
PHI,2016,9,0.063,0.034,353,0,5611,3798,1813,16,19,3,192,114,14,27,7,0,16,21,9,14,1,34,595,441,0.59,0.4,0.6,0.38
PIT,2016,8,0.065,0.047,397,0,6137,4377,1760,33,14,1,210,97,15,16,5,0,13,21,8,15,1,38,581,409,0.6,0.38,0.63,0.36
SEA,2016,8,0.058,0.038,346,0,6013,4422,1591,23,13,1,203,85,12,23,6,1,11,18,8,15,1,42,555,403,0.6,0.38,0.57,0.42
SF,2016,2,0.059,0.038,308,6,5185,3166,2019,21,15,0,152,116,10,31,13,2,10,23,12,15,1,33,481,460,0.54,0.45,0.5,0.48
TB,2016,5,0.057,0.036,330,12,5781,4165,1616,29,8,4,220,80,18,18,11,2,17,22,10,17,1,38,560,454,0.58,0.41,0.58,0.41
TEN,2016,-3,0.067,0.049,393,36,5907,3720,2187,29,18,1,175,115,11,18,9,1,12,11,4,5,0,40,493,476,0.53,0.46,0.65,0.33
WAS,2016,7,0.059,0.043,393,18,6644,4948,1696,25,17,0,226,89,12,20,9,0,13,21,8,15,0,38,595,381,0.62,0.36,0.6,0.4
ARI,2017,7,0.053,0.027,287,24,5365,3979,1386,21,6,2,200,66,18,19,7,1,15,20,6,17,0,37,580,409,0.61,0.37,0.59,0.4
ATL,2017,3,0.057,0.036,343,12,5993,4146,1847,21,13,2,200,101,12,16,7,0,8,20,7,14,0,39,518,431,0.56,0.43,0.59,0.39
BAL,2017,21,0.071,0.035,361,12,5091,3235,1856,20,16,5,168,111,13,18,4,0,22,22,12,16,0,41,554,461,0.56,0.42,0.58,0.41
BUF,2017,16,0.056,0.029,286,12,5082,3065,2017,16,12,3,148,105,10,18,7,0,18,23,6,15,0,27,465,488,0.52,0.47,0.56,0.42
CAR,2017,4,0.065,0.039,353,12,5421,3319,2102,22,16,1,167,121,16,20,5,0,10,18,12,15,0,50,485,491,0.52,0.46,0.63,0.36
CHI,2017,-1,0.049,0.031,240,12,4873,3085,1788,13,14,3,144,93,12,26,11,1,8,17,13,14,1,42,461,423,0.55,0.45,0.57,0.41
CIN,2017,-5,0.059,0.037,279,6,4752,3386,1366,25,7,3,165,72,12,16,9,0,11,13,5,5,0,41,498,377,0.59,0.39,0.55,0.44
CLE,2017,-16,0.045,0.029,238,24,5251,3537,1714,15,12,1,157,97,28,18,11,1,7,27,8,16,0,34,546,385,0.62,0.38,0.54,0.44
DAL,2017,6,0.063,0.042,347,30,5496,3326,2170,22,18,1,162,127,13,12,8,0,10,22,9,17,0,38,480,480,0.52,0.47,0.6,0.39
DEN,2017,-13,0.05,0.028,275,24,5520,3668,1852,19,9,4,180,92,22,19,10,1,10,20,9,9,1,33,544,457,0.57,0.42,0.55,0.43
DET,2017,10,0.066,0.042,373,30,5691,4470,1221,29,10,5,210,58,11,20,12,0,19,21,12,14,0,35,559,364,0.63,0.36,0.58,0.4
GB,2017,-2,0.059,0.041,310,12,5256,3532,1724,25,13,2,176,99,18,14,6,0,11,17,10,11,0,37,544,386,0.61,0.38,0.54,0.44
HOU,2017,-6,0.059,0.039,321,18,5486,3644,1842,28,9,4,180,86,17,23,12,1,11,16,4,12,1,32,508,449,0.56,0.43,0.55,0.43
IND,2017,8,0.053,0.026,259,36,4887,3226,1661,13,11,1,148,94,9,24,8,1,13,19,5,12,2,25,478,451,0.54,0.44,0.53,0.46
JAX,2017,15,0.063,0.038,374,6,5978,3716,2262,21,19,7,193,101,13,24,10,0,21,25,12,17,0,55,514,528,0.51,0.47,0.56,0.42
KC,2017,14,0.063,0.04,392,6,6197,4326,1871,26,12,3,198,95,8,15,5,1,16,17,8,11,0,31,535,406,0.59,0.4,0.57,0.41
LA,2017,18,0.075,0.048,446,12,5976,4023,1953,28,18,3,185,97,7,23,12,0,18,29,12,19,2,48,511,454,0.54,0.44,0.59,0.4
LAC,2017,16,0.054,0.039,332,6,6146,4551,1595,28,11,3,220,84,11,18,4,1,18,20,9,13,1,43,572,419,0.59,0.39,0.57,0.43
LV,2017,-10,0.057,0.039,304,18,5315,3761,1554,23,13,0,178,78,14,30,15,0,5,22,8,14,0,31,544,370,0.61,0.38,0.56,0.42
MIA,2017,-14,0.051,0.03,263,24,5180,3792,1388,24,4,3,187,66,21,25,8,1,9,17,6,6,1,30,581,361,0.64,0.35,0.56,0.42
MIN,2017,5,0.065,0.04,380,0,5886,3929,1957,25,16,1,196,100,8,13,7,1,14,13,4,6,1,37,519,502,0.53,0.45,0.62,0.37
NE,2017,9,0.07,0.048,457,18,6508,4619,1889,32,17,0,232,107,8,15,5,1,12,17,5,10,1,42,579,448,0.58,0.4,0.61,0.37
NO,2017,20,0.067,0.049,431,6,6404,4334,2070,23,25,4,201,111,8,17,9,0,20,22,6,17,0,42,528,445,0.55,0.42,0.6,0.4
NYG,2017,2,0.046,0.027,239,6,5229,3680,1549,20,7,2,178,66,14,24,8,0,13,15,6,11,1,27,594,395,0.62,0.37,0.56,0.42
NYJ,2017,-3,0.059,0.036,306,12,5203,3501,1702,19,14,0,157,77,12,23,10,1,11,21,11,8,0,28,498,428,0.56,0.42,0.56,0.44
PHI,2017,14,0.072,0.047,435,12,6082,3967,2115,38,11,5,193,108,9,24,10,0,19,19,12,14,0,38,555,477,0.56,0.42,0.66,0.34
PIT,2017,8,0.064,0.041,400,12,6209,4542,1667,29,13,0,218,96,15,16,4,0,16,18,7,11,1,56,576,438,0.58,0.39,0.59,0.4
SEA,2017,9,0.061,0.041,339,6,5591,3979,1612,34,5,4,183,85,12,20,6,2,14,20,10,13,2,39,543,409,0.59,0.39,0.57,0.42
SF,2017,2,0.056,0.031,332,6,5897,4235,1662,15,16,1,206,88,15,18,8,0,10,21,10,15,0,30,592,408,0.61,0.38,0.54,0.44
TB,2017,-2,0.053,0.036,319,12,6057,4607,1450,26,9,3,243,76,14,31,16,0,13,20,10,15,0,22,591,392,0.62,0.37,0.56,0.42
TEN,2017,-1,0.064,0.035,332,24,5227,3394,1833,14,18,1,157,97,17,13,8,0,12,20,9,12,0,43,479,443,0.54,0.44,0.62,0.37
WAS,2017,7,0.061,0.041,340,24,5541,4093,1448,27,11,2,191,66,13,24,11,1,16,25,10,15,0,43,527,401,0.59,0.4,0.55,0.44
ARI,2018,-8,0.05,0.029,211,24,4226,2884,1342,15,9,2,137,76,18,26,10,1,7,17,9,13,0,49,477,356,0.61,0.38,0.52,0.47
ATL,2018,4,0.062,0.049,405,18,6522,4949,1573,36,11,2,238,84,7,27,12,0,15,17,3,8,0,37,610,351,0.65,0.34,0.6,0.38
BAL,2018,3,0.06,0.034,366,6,6144,3708,2436,18,19,3,184,153,9,22,10,0,12,17,6,10,0,43,547,549,0.52,0.46,0.64,0.35
BUF,2018,6,0.054,0.031,272,30,5036,3052,1984,13,16,0,136,108,23,23,7,0,16,29,13,20,1,36,475,468,0.54,0.45,0.55,0.44
CAR,2018,5,0.06,0.047,370,12,6207,4071,2136,28,17,0,212,117,16,20,6,0,13,22,10,14,0,35,547,417,0.59,0.4,0.59,0.39
CHI,2018,23,0.069,0.047,390,6,5685,3747,1938,28,17,6,177,108,14,21,10,0,27,23,9,20,1,50,498,468,0.54,0.44,0.66,0.33
CIN,2018,5,0.066,0.046,345,6,5251,3569,1682,27,14,5,182,92,13,10,3,0,12,15,7,9,0,34,529,359,0.62,0.37,0.57,0.41
CLE,2018,11,0.058,0.045,359,12,6154,4261,1893,29,15,0,189,93,17,21,6,1,17,25,15,17,1,37,557,413,0.6,0.39,0.59,0.4
DAL,2018,6,0.057,0.036,334,6,5848,3885,1963,22,13,1,184,113,8,24,9,0,9,20,11,14,0,39,519,440,0.57,0.42,0.59,0.4
DEN,2018,7,0.056,0.039,324,6,5837,3930,1907,19,19,2,181,107,15,23,8,0,17,18,9,13,0,44,573,395,0.61,0.38,0.58,0.4
DET,2018,-5,0.058,0.035,321,18,5504,3844,1660,22,12,2,201,91,12,14,9,0,7,13,5,9,0,43,562,405,0.6,0.39,0.57,0.41
GB,2018,6,0.058,0.04,365,6,6296,4629,1667,25,14,1,208,98,4,15,8,1,7,25,11,11,0,44,636,334,0.67,0.32,0.56,0.42
HOU,2018,18,0.061,0.039,378,0,6186,4165,2021,26,12,4,202,94,9,21,9,0,15,24,12,21,0,43,497,472,0.54,0.44,0.62,0.37
IND,2018,6,0.069,0.05,437,24,6313,4595,1718,39,13,0,237,96,15,19,10,1,15,20,10,16,0,38,629,410,0.62,0.36,0.58,0.41
JAX,2018,-13,0.043,0.023,224,6,5154,3431,1723,15,7,2,164,92,13,30,17,1,11,11,5,6,1,37,523,416,0.59,0.41,0.55,0.43
KC,2018,18,0.077,0.069,537,12,6981,5126,1855,50,16,4,239,108,12,20,7,1,15,26,11,22,0,52,571,388,0.61,0.38,0.62,0.38
LA,2018,13,0.071,0.054,494,6,6961,4730,2231,32,23,4,236,134,12,14,6,1,18,16,13,13,2,41,556,463,0.56,0.41,0.6,0.4
LAC,2018,4,0.068,0.056,422,12,6189,4316,1873,32,18,2,213,100,12,14,5,0,13,19,9,8,0,38,500,400,0.58,0.41,0.59,0.4
LV,2018,-5,0.05,0.031,287,18,5685,4057,1628,19,10,1,197,86,10,22,14,0,14,12,3,5,0,13,546,388,0.6,0.38,0.51,0.47
MIA,2018,7,0.059,0.042,298,18,5047,3309,1738,26,8,3,153,75,13,16,12,0,21,18,5,11,0,31,442,371,0.58,0.41,0.53,0.46
MIN,2018,-1,0.061,0.042,353,30,5788,4298,1490,30,10,3,218,66,10,21,11,0,12,18,7,8,0,50,596,357,0.64,0.35,0.56,0.43
NE,2018,13,0.065,0.046,418,0,6442,4405,2037,29,19,2,206,131,11,12,6,0,18,19,11,12,0,30,563,478,0.55,0.43,0.63,0.36
NO,2018,15,0.08,0.06,499,6,6199,4174,2025,33,26,1,210,134,7,16,9,0,12,24,12,19,0,49,512,475,0.53,0.44,0.63,0.35
NYG,2018,8,0.058,0.039,352,6,6055,4405,1650,23,13,4,208,71,12,17,5,0,16,18,7,9,0,30,571,356,0.64,0.35,0.56,0.41
NYJ,2018,-2,0.062,0.033,312,18,5023,3404,1619,18,12,3,157,84,19,22,10,1,13,21,8,14,0,39,505,409,0.58,0.41,0.59,0.4
PHI,2018,0,0.06,0.041,368,6,6094,4524,1570,29,12,0,221,94,11,26,12,0,10,24,7,13,0,44,588,402,0.61,0.37,0.67,0.32
PIT,2018,-6,0.062,0.051,413,6,6619,5174,1445,35,17,3,251,88,17,19,9,0,8,18,7,12,2,52,672,345,0.67,0.31,0.63,0.36
SEA,2018,19,0.071,0.053,424,12,6001,3448,2553,35,16,2,156,133,7,19,5,0,12,25,13,19,0,43,420,534,0.46,0.51,0.61,0.38
SF,2018,-18,0.055,0.036,338,24,6149,4247,1902,26,8,1,201,98,20,27,11,1,2,25,6,11,1,37,512,425,0.57,0.41,0.56,0.41
TB,2018,-17,0.057,0.049,394,24,6881,5358,1523,36,12,1,265,80,26,24,11,1,9,16,6,11,0,38,599,390,0.63,0.36,0.57,0.4
TEN,2018,6,0.057,0.036,299,6,5278,3255,2023,16,16,2,156,106,12,15,5,0,11,17,7,12,1,39,425,454,0.52,0.47,0.57,0.42
WAS,2018,13,0.056,0.032,284,18,5061,3287,1774,16,13,1,156,96,15,17,5,0,15,25,10,18,0,46,494,414,0.57,0.42,0.58,0.4
ARI,2019,7,0.065,0.043,376,18,5781,3827,1954,20,20,0,174,107,12,10,7,0,7,22,9,19,0,40,539,392,0.6,0.38,0.59,0.4
ATL,2019,7,0.057,0.038,366,18,6410,5049,1361,29,10,3,258,84,15,17,9,0,12,26,9,19,0,28,669,363,0.67,0.32,0.57,0.41
BAL,2019,13,0.075,0.057,499,0,6637,3350,3287,37,22,6,171,188,8,17,7,0,13,21,12,15,1,37,432,600,0.44,0.54,0.63,0.36
BUF,2019,9,0.058,0.037,319,6,5530,3476,2054,21,15,0,162,120,12,25,8,1,14,21,8,15,1,44,501,466,0.54,0.44,0.61,0.38
CAR,2019,-11,0.059,0.04,349,6,5953,4134,1819,17,23,1,230,82,21,25,13,0,14,16,8,9,2,53,612,387,0.64,0.35,0.57,0.41
CHI,2019,3,0.054,0.03,272,0,5031,3573,1458,20,9,1,178,85,12,11,7,1,10,16,9,12,1,32,568,395,0.61,0.38,0.59,0.4
CIN,2019,-7,0.051,0.028,282,30,5511,3994,1517,18,10,0,191,85,16,22,12,0,11,14,7,10,1,31,600,386,0.63,0.36,0.51,0.46
CLE,2019,0,0.059,0.043,344,12,5828,3903,1925,23,16,1,181,92,21,11,6,2,14,20,7,13,0,38,519,395,0.59,0.4,0.54,0.44
DAL,2019,2,0.061,0.046,428,0,7055,4902,2153,30,18,1,229,120,11,19,7,0,7,15,10,13,0,39,586,450,0.58,0.41,0.6,0.39
DEN,2019,3,0.057,0.032,289,6,5063,3401,1662,16,13,1,162,77,10,24,7,0,10,13,6,10,0,40,494,410,0.57,0.42,0.57,0.42
DET,2019,-2,0.057,0.037,331,12,5836,4187,1649,28,8,1,196,82,15,15,8,0,7,20,11,14,0,28,556,407,0.6,0.39,0.58,0.4
GB,2019,19,0.065,0.045,376,0,5812,4017,1795,26,18,0,190,90,4,14,8,0,17,19,9,14,0,41,569,412,0.6,0.38,0.58,0.41
HOU,2019,6,0.06,0.046,367,6,6092,4083,2009,27,17,2,203,112,14,19,7,1,12,17,11,15,0,31,520,434,0.57,0.42,0.6,0.38
IND,2019,7,0.064,0.041,346,18,5444,3314,2130,22,18,1,165,131,10,18,11,0,15,16,8,13,2,41,503,472,0.53,0.45,0.61,0.37
JAX,2019,2,0.051,0.028,290,12,5731,4023,1708,24,3,2,183,85,8,24,14,0,10,18,7,14,0,47,581,390,0.62,0.37,0.56,0.42
KC,2019,15,0.069,0.05,432,6,6259,4690,1569,30,17,3,211,93,5,20,10,0,16,19,7,14,0,45,571,375,0.62,0.37,0.6,0.39
LA,2019,1,0.06,0.041,373,30,6168,4669,1499,22,20,3,222,92,17,19,8,0,13,21,10,13,1,50,615,403,0.62,0.37,0.58,0.41
LAC,2019,-13,0.055,0.038,334,18,6101,4648,1453,24,12,0,220,90,20,17,9,0,11,20,5,5,0,30,577,366,0.63,0.36,0.53,0.45
LV,2019,1,0.051,0.037,304,18,6003,4110,1893,22,13,2,194,104,8,21,9,0,9,14,5,9,0,32,515,437,0.56,0.43,0.58,0.4
MIA,2019,-2,0.057,0.035,300,12,5269,4117,1152,22,11,1,210,64,18,20,7,2,13,20,4,10,1,23,597,349,0.66,0.33,0.54,0.45
MIN,2019,16,0.067,0.048,393,0,5862,3729,2133,26,19,2,171,106,8,25,12,1,17,26,14,19,1,48,458,476,0.51,0.47,0.62,0.38
NE,2019,23,0.065,0.04,380,24,5856,4153,1703,25,17,6,197,110,9,15,8,0,25,22,9,15,1,47,611,449,0.59,0.39,0.61,0.37
NO,2019,16,0.07,0.049,432,0,6169,4431,1738,36,12,3,230,97,6,7,2,0,13,17,10,11,1,51,575,407,0.59,0.38,0.65,0.34
NYG,2019,-15,0.058,0.044,331,24,5755,4070,1685,30,12,2,187,89,17,28,16,1,10,16,6,8,1,36,590,362,0.64,0.35,0.56,0.43
NYJ,2019,-4,0.051,0.028,239,18,4700,3443,1257,19,6,4,162,61,16,25,9,3,12,24,8,9,2,35,505,383,0.6,0.39,0.6,0.38
PHI,2019,6,0.061,0.04,367,0,6002,4063,1939,27,16,3,215,104,8,28,13,0,11,21,11,16,0,43,605,458,0.59,0.4,0.63,0.36
PIT,2019,13,0.057,0.028,267,12,4661,3214,1447,18,7,3,147,75,19,26,11,3,20,35,18,23,0,54,491,395,0.58,0.41,0.55,0.44
SEA,2019,13,0.063,0.047,398,30,6310,4110,2200,31,16,3,190,121,6,27,16,0,16,23,14,19,0,28,511,482,0.54,0.45,0.61,0.37
SF,2019,7,0.071,0.053,452,18,6334,4029,2305,28,23,5,195,110,13,23,12,1,12,23,13,20,0,48,465,498,0.51,0.47,0.58,0.41
TB,2019,-9,0.065,0.047,429,42,6648,5127,1521,33,15,6,244,81,30,24,11,1,12,26,16,20,0,47,600,412,0.62,0.36,0.66,0.32
TEN,2019,9,0.061,0.056,376,0,6179,3956,2223,29,21,3,177,104,8,20,8,0,14,17,10,11,1,43,440,446,0.53,0.45,0.61,0.38
WAS,2019,8,0.056,0.034,269,18,4788,3205,1583,18,10,0,154,74,13,23,8,0,13,21,9,16,0,46,466,357,0.6,0.4,0.54,0.44
ARI,2020,1,0.065,0.047,411,18,6339,4102,2237,27,22,0,211,136,13,24,10,2,11,17,8,13,1,48,562,480,0.55,0.43,0.58,0.41
ATL,2020,11,0.063,0.039,390,0,6152,4620,1532,27,13,1,243,86,11,15,7,0,12,21,9,17,0,29,617,409,0.62,0.37,0.63,0.36
BAL,2020,14,0.075,0.055,448,12,5989,2919,3070,27,25,3,142,166,11,25,8,0,10,28,11,23,2,39,395,556,0.44,0.55,0.62,0.37
BUF,2020,8,0.073,0.056,477,0,6509,4786,1723,40,16,3,240,119,11,19,10,0,15,19,12,14,0,38,585,411,0.6,0.37,0.59,0.4
CAR,2020,-3,0.058,0.038,339,6,5833,4129,1704,16,20,2,192,110,16,16,7,0,7,19,13,13,0,29,534,407,0.59,0.4,0.6,0.38
CHI,2020,1,0.066,0.039,366,12,5572,3925,1647,26,13,1,218,93,16,17,7,0,10,18,7,14,1,35,598,394,0.62,0.37,0.57,0.41
CIN,2020,-1,0.057,0.034,313,12,5461,3793,1668,19,14,0,201,92,11,20,12,0,11,14,7,11,0,17,570,411,0.6,0.39,0.54,0.44
CLE,2020,13,0.065,0.049,393,6,6073,3701,2372,27,21,2,195,133,8,19,8,1,11,24,10,18,2,38,493,496,0.51,0.47,0.6,0.39
DAL,2020,-3,0.061,0.038,386,18,6299,4511,1788,25,15,2,231,115,13,21,14,3,10,19,12,14,0,31,626,434,0.61,0.38,0.52,0.47
DEN,2020,-12,0.057,0.035,320,18,5591,3673,1918,21,13,0,176,94,23,21,10,2,10,17,5,11,0,42,533,442,0.57,0.42,0.58,0.4
DET,2020,4,0.063,0.047,372,18,5896,4397,1499,27,17,0,220,93,13,11,7,0,7,19,6,17,1,24,569,367,0.62,0.36,0.54,0.43
GB,2020,14,0.079,0.068,508,6,6417,4299,2118,48,18,2,216,114,5,11,5,0,11,15,8,13,1,41,521,446,0.55,0.43,0.59,0.41
HOU,2020,-2,0.06,0.049,379,6,6309,4843,1466,33,10,1,222,83,7,18,9,2,3,13,8,11,0,34,539,344,0.63,0.35,0.54,0.44
IND,2020,12,0.067,0.045,417,12,6182,4186,1996,24,21,4,201,129,11,8,4,1,15,17,10,12,3,40,541,462,0.55,0.42,0.6,0.39
JAX,2020,-5,0.053,0.036,288,0,5474,3955,1519,25,9,1,205,80,16,18,9,2,12,13,5,8,0,18,600,338,0.66,0.33,0.52,0.46
KC,2020,13,0.067,0.053,453,0,6792,5005,1787,40,14,2,255,110,7,18,8,1,16,16,7,12,2,32,623,403,0.62,0.36,0.57,0.41
LA,2020,6,0.057,0.038,355,18,6201,4183,2018,20,20,4,206,123,14,14,9,0,14,19,10,15,1,53,576,473,0.56,0.42,0.61,0.38
LAC,2020,2,0.061,0.042,388,0,6332,4548,1784,31,15,2,226,111,10,16,6,1,12,15,7,6,1,27,617,468,0.58,0.4,0.57,0.42
LV,2020,-8,0.069,0.048,437,18,6299,4383,1916,28,20,0,206,121,10,25,17,0,10,9,4,9,0,21,541,457,0.55,0.43,0.58,0.41
MIA,2020,15,0.071,0.042,399,6,5625,3937,1688,24,17,2,207,100,13,15,7,1,18,22,11,17,0,41,546,429,0.58,0.4,0.59,0.4
MIN,2020,1,0.066,0.056,431,18,6548,4265,2283,35,20,0,212,139,13,21,12,2,15,18,5,11,1,23,503,472,0.54,0.45,0.54,0.44
NE,2020,4,0.056,0.034,304,12,5470,3124,2346,12,20,2,157,143,14,19,5,0,18,11,4,5,0,24,426,504,0.48,0.5,0.53,0.46
NO,2020,8,0.076,0.058,474,0,6210,3945,2265,28,30,1,199,147,8,27,10,1,18,17,7,8,0,45,514,494,0.53,0.45,0.61,0.38
NYG,2020,0,0.053,0.028,269,6,5104,3336,1768,12,13,2,178,91,11,22,13,1,11,23,9,13,0,40,506,399,0.59,0.39,0.59,0.4
NYJ,2020,8,0.05,0.028,238,18,4798,3115,1683,16,9,1,146,94,14,9,5,1,10,21,9,17,1,31,485,406,0.57,0.42,0.58,0.39
PHI,2020,-9,0.055,0.039,315,6,5755,3728,2027,22,17,2,177,114,20,31,10,2,8,20,10,13,1,49,578,412,0.62,0.38,0.54,0.43
PIT,2020,14,0.072,0.046,397,6,5480,4129,1351,35,12,3,206,81,11,21,6,0,18,19,10,13,1,56,645,373,0.64,0.34,0.58,0.41
SEA,2020,9,0.073,0.057,454,6,6216,4245,1971,40,15,0,216,111,13,14,5,0,14,18,8,13,3,46,550,411,0.6,0.38,0.64,0.35
SF,2020,-4,0.06,0.044,374,24,6209,4320,1889,25,19,1,217,101,17,20,12,0,12,22,10,13,0,30,553,437,0.58,0.41,0.57,0.41
TB,2020,13,0.078,0.06,492,12,6295,4776,1519,42,17,1,238,82,12,13,5,0,15,19,10,15,1,48,614,369,0.63,0.34,0.65,0.34
TEN,2020,15,0.075,0.062,491,0,6516,3826,2690,33,29,1,203,142,7,16,5,1,15,20,8,12,0,19,478,525,0.49,0.49,0.6,0.39
WAS,2020,7,0.058,0.034,316,6,5407,3796,1611,16,18,4,184,108,16,21,8,0,16,23,10,15,1,47,585,402,0.62,0.37,0.57,0.41
ARI,2021,19,0.066,0.047,444,6,6695,4619,2076,27,24,2,214,127,11,28,3,2,13,29,15,20,0,41,580,496,0.56,0.42,0.58,0.41
ATL,2021,-2,0.057,0.034,308,18,5438,3987,1451,20,12,2,196,75,15,25,11,1,12,20,8,12,0,18,558,394,0.61,0.38,0.53,0.45
BAL,2021,-9,0.057,0.036,384,18,6746,4267,2479,21,19,1,209,159,18,21,8,0,9,12,6,8,0,34,593,518,0.56,0.43,0.63,0.35
BUF,2021,7,0.073,0.052,483,0,6655,4450,2205,36,21,1,236,134,16,23,8,0,19,23,9,12,1,42,639,463,0.6,0.38,0.56,0.42
CAR,2021,-8,0.056,0.031,304,12,5415,3573,1842,14,18,0,174,118,21,25,8,1,9,21,7,12,1,39,578,456,0.59,0.4,0.54,0.44
CHI,2021,-9,0.052,0.03,294,18,5650,3635,2015,16,14,1,180,119,20,25,9,0,8,19,8,12,1,49,522,475,0.56,0.43,0.52,0.46
CIN,2021,12,0.069,0.053,451,18,6548,4806,1742,36,16,2,208,96,14,14,5,0,13,25,10,18,0,42,541,438,0.58,0.41,0.62,0.37
CLE,2021,1,0.056,0.041,338,6,6090,3619,2471,21,20,2,177,138,14,22,9,0,13,22,5,11,0,43,506,486,0.54,0.45,0.59,0.4
DAL,2021,21,0.068,0.05,484,12,7067,4963,2104,40,16,6,248,111,11,23,8,0,26,17,9,14,0,41,636,478,0.59,0.39,0.6,0.38
DEN,2021,2,0.056,0.036,332,18,5881,3856,2025,20,16,1,179,124,9,12,8,0,13,12,7,6,0,36,532,455,0.56,0.43,0.57,0.41
DET,2021,-2,0.057,0.035,327,12,5770,3884,1886,23,12,0,193,104,14,18,9,0,11,16,8,10,0,30,579,427,0.59,0.4,0.52,0.45
GB,2021,15,0.069,0.051,444,0,6426,4526,1900,39,14,2,235,109,7,17,6,0,18,19,8,10,0,39,586,447,0.58,0.4,0.62,0.37
HOU,2021,10,0.054,0.032,272,0,5052,3630,1422,21,9,1,162,77,15,21,8,0,17,22,7,16,1,32,531,421,0.58,0.41,0.52,0.46
IND,2021,20,0.07,0.048,432,6,6128,3588,2540,27,22,1,167,154,8,19,9,0,19,27,16,18,1,33,513,500,0.53,0.46,0.6,0.39
JAX,2021,-11,0.047,0.029,255,12,5429,3674,1755,12,16,0,178,92,17,20,11,0,7,13,3,10,0,32,587,393,0.62,0.37,0.54,0.45
KC,2021,8,0.066,0.048,457,6,6892,4937,1955,37,16,4,267,119,13,25,13,0,15,23,13,19,0,31,662,432,0.62,0.36,0.6,0.39
LA,2021,11,0.07,0.051,459,30,6576,4893,1683,41,10,0,233,99,18,11,5,0,19,19,6,15,0,50,589,420,0.6,0.38,0.6,0.39
LAC,2021,9,0.069,0.053,471,18,6848,5014,1834,38,19,1,256,112,15,11,7,0,11,22,10,20,0,35,659,426,0.63,0.36,0.54,0.45
LV,2021,-9,0.058,0.036,375,18,6425,4808,1617,23,14,0,217,95,14,30,12,0,6,20,7,11,1,35,614,414,0.62,0.37,0.58,0.41
MIA,2021,5,0.056,0.032,306,6,5504,3936,1568,21,12,5,206,87,14,23,10,1,14,24,14,15,0,48,601,442,0.6,0.39,0.6,0.38
MIN,2021,16,0.067,0.046,425,0,6380,4450,1930,34,14,2,202,103,7,20,7,0,16,16,7,14,0,51,597,453,0.58,0.41,0.59,0.41
NE,2021,11,0.073,0.048,454,24,6249,4098,2151,24,25,3,187,139,13,18,9,0,23,15,8,10,0,36,522,491,0.53,0.45,0.55,0.43
NO,2021,13,0.065,0.041,355,18,5428,3437,1991,29,12,2,165,113,13,13,5,0,18,16,7,13,0,46,491,511,0.51,0.47,0.6,0.39
NYG,2021,-3,0.049,0.023,253,18,5151,3463,1688,15,8,1,171,90,20,21,10,1,15,19,7,12,1,34,573,422,0.6,0.39,0.57,0.42
NYJ,2021,-8,0.054,0.036,304,0,5626,3959,1667,20,15,1,195,87,20,16,7,0,7,23,7,12,0,33,583,384,0.63,0.36,0.54,0.44
PHI,2021,8,0.066,0.043,415,6,6300,3585,2715,20,25,5,167,163,10,23,6,1,12,16,4,12,0,29,484,552,0.49,0.5,0.57,0.41
PIT,2021,13,0.06,0.031,338,6,5600,4017,1583,23,10,1,204,85,11,17,8,0,13,24,10,19,0,55,653,411,0.63,0.36,0.55,0.44
SEA,2021,7,0.067,0.054,392,6,5889,3815,2074,30,19,0,166,106,7,16,6,0,11,19,7,9,1,34,488,413,0.57,0.42,0.57,0.41
SF,2021,4,0.063,0.048,415,0,6599,4437,2162,26,22,2,200,130,14,26,13,1,9,29,8,22,0,48,500,500,0.52,0.46,0.57,0.42
TB,2021,12,0.071,0.055,501,12,7055,5383,1672,43,18,2,273,106,12,13,8,0,17,22,11,15,0,47,719,387,0.66,0.32,0.66,0.33
TEN,2021,4,0.065,0.043,401,0,6149,3745,2404,22,24,3,194,134,14,24,11,0,16,21,6,13,0,43,521,552,0.51,0.47,0.65,0.35
WAS,2021,-4,0.057,0.035,331,12,5807,3746,2061,21,15,2,181,129,15,24,9,0,11,19,8,9,0,38,535,481,0.55,0.44,0.6,0.39
ARI,2022,-2,0.053,0.03,312,12,5839,3966,1873,17,15,5,189,115,17,28,7,0,11,20,10,11,0,36,647,436,0.62,0.37,0.59,0.4
ATL,2022,0,0.061,0.036,345,0,5645,2927,2718,17,18,2,148,152,9,19,10,0,10,12,8,9,1,21,406,560,0.44,0.54,0.54,0.45
BAL,2022,6,0.059,0.034,351,6,5922,3202,2720,19,15,0,149,167,13,23,9,0,14,17,10,14,0,48,475,527,0.5,0.48,0.61,0.38
BUF,2022,0,0.068,0.052,446,6,6523,4291,2232,35,17,1,212,128,14,25,13,1,17,22,10,10,2,40,560,432,0.58,0.4,0.61,0.38
CAR,2022,1,0.061,0.035,331,12,5456,3246,2210,16,17,3,138,119,13,22,7,0,10,21,8,11,0,35,444,486,0.5,0.49,0.56,0.43
CHI,2022,-1,0.06,0.041,334,12,5612,2598,3014,19,19,0,109,148,15,33,10,0,14,22,9,10,0,20,362,558,0.44,0.55,0.48,0.5
CIN,2022,13,0.068,0.049,414,12,6048,4520,1528,35,14,1,221,96,12,10,5,0,13,22,12,17,0,30,598,400,0.62,0.36,0.58,0.4
CLE,2022,0,0.054,0.036,337,0,6200,3710,2490,19,19,3,182,142,12,16,9,1,11,25,9,10,0,34,528,533,0.52,0.46,0.53,0.45
DAL,2022,14,0.073,0.049,452,18,6209,3911,2298,28,24,3,194,129,18,13,4,0,16,28,18,20,0,54,538,532,0.52,0.46,0.55,0.44
DEN,2022,8,0.048,0.029,288,18,5942,4007,1935,18,11,0,166,105,15,24,9,0,15,25,8,17,1,36,556,445,0.59,0.4,0.59,0.39
DET,2022,9,0.067,0.049,442,18,6623,4444,2179,29,23,1,228,114,7,17,9,1,12,16,9,13,1,39,581,484,0.56,0.43,0.56,0.43
GB,2022,11,0.06,0.041,363,6,6003,3890,2113,27,14,2,186,116,12,21,8,0,17,22,9,14,1,34,551,456,0.56,0.42,0.52,0.47
HOU,2022,1,0.057,0.03,294,42,5118,3642,1476,20,9,1,159,90,19,25,10,0,16,27,10,14,1,39,560,399,0.61,0.38,0.49,0.49
IND,2022,-10,0.048,0.024,276,30,5721,3855,1866,17,8,2,193,91,20,32,15,0,10,24,10,15,0,44,584,440,0.6,0.39,0.54,0.45
JAX,2022,9,0.061,0.04,380,0,6264,4148,2116,25,16,4,208,114,9,21,13,0,14,20,13,17,0,35,587,449,0.58,0.41,0.58,0.41
KC,2022,5,0.067,0.056,482,0,7220,5250,1970,41,18,2,272,105,12,16,7,0,11,21,13,13,1,55,639,419,0.62,0.37,0.62,0.37
LA,2022,2,0.06,0.035,310,18,5167,3506,1661,16,16,1,181,89,15,17,9,1,16,14,5,10,0,38,516,411,0.59,0.4,0.56,0.42
LAC,2022,6,0.061,0.037,384,6,6315,4791,1524,26,15,1,232,93,10,24,11,0,14,16,7,13,1,40,701,404,0.65,0.33,0.54,0.45
LV,2022,-6,0.061,0.04,380,18,6239,4182,2057,28,12,3,193,122,17,16,4,0,6,15,7,9,0,27,569,429,0.59,0.4,0.57,0.41
MIA,2022,0,0.059,0.045,379,12,6451,4765,1686,30,13,2,220,93,15,16,6,2,8,20,6,13,1,40,569,390,0.61,0.37,0.61,0.37
MIN,2022,2,0.066,0.047,426,12,6479,4818,1661,30,20,1,244,93,15,19,10,0,15,19,8,12,0,38,657,404,0.64,0.35,0.58,0.41
NE,2022,6,0.056,0.033,318,12,5647,3815,1832,19,12,7,166,98,14,26,12,0,19,21,8,13,0,54,526,425,0.58,0.4,0.6,0.39
NO,2022,-8,0.055,0.037,328,24,5951,3969,1982,24,12,1,181,103,14,23,11,0,7,15,7,10,0,48,498,467,0.54,0.45,0.54,0.45
NYG,2022,12,0.059,0.037,353,0,5950,3431,2519,17,21,2,170,150,6,17,9,1,6,26,14,21,0,41,514,521,0.52,0.46,0.56,0.42
NYJ,2022,-3,0.052,0.029,298,0,5726,4040,1686,15,15,0,191,79,14,23,9,1,12,17,4,8,2,45,613,405,0.62,0.37,0.55,0.44
PHI,2022,13,0.068,0.053,468,18,6873,4364,2509,25,32,2,195,161,9,21,10,1,17,23,10,15,0,70,527,547,0.51,0.47,0.58,0.41
PIT,2022,12,0.053,0.026,303,6,5734,3661,2073,12,16,1,189,129,14,11,4,0,20,19,4,10,0,40,557,500,0.55,0.44,0.57,0.42
SEA,2022,9,0.063,0.043,397,12,6324,4282,2042,30,12,1,206,106,12,18,11,1,14,24,11,18,0,45,561,425,0.59,0.39,0.53,0.45
SF,2022,14,0.068,0.051,439,6,6409,4049,2360,30,21,3,188,132,9,19,10,2,20,16,8,13,0,44,503,504,0.52,0.47,0.62,0.37
TB,2022,2,0.051,0.027,307,0,6054,4746,1308,26,5,1,240,79,10,16,11,0,10,24,11,13,0,45,741,387,0.67,0.32,0.57,0.42
TEN,2022,7,0.055,0.035,294,12,5358,3227,2131,16,17,1,153,104,11,16,9,0,14,26,9,13,0,39,445,487,0.51,0.48,0.64,0.34
WAS,2022,-10,0.051,0.031,303,12,5926,3783,2143,24,9,3,184,124,16,24,10,1,9,12,6,7,1,43,538,538,0.53,0.46,0.56,0.43
ARI,2023,-4,0.056,0.034,327,18,5795,3430,2365,18,17,1,173,127,12,21,7,0,11,8,5,4,0,33,543,477,0.56,0.43,0.51,0.48
ATL,2023,-2,0.053,0.03,314,6,5934,3775,2159,17,14,1,181,121,17,24,11,2,8,24,8,18,1,42,513,523,0.52,0.47,0.54,0.44
BAL,2023,11,0.073,0.052,476,6,6542,3881,2661,27,27,1,180,144,7,28,15,3,18,19,10,15,1,60,487,542,0.5,0.49,0.63,0.36
BUF,2023,6,0.067,0.048,439,0,6518,4306,2212,29,23,2,199,158,18,17,9,0,18,22,13,15,0,54,561,512,0.54,0.44,0.59,0.39
CAR,2023,-8,0.044,0.02,223,30,5014,3245,1769,13,7,2,150,111,10,23,11,0,8,11,2,5,0,27,576,447,0.59,0.4,0.5,0.46
CHI,2023,9,0.062,0.035,358,24,5820,3421,2399,19,17,2,169,137,15,24,9,1,22,18,7,11,0,30,498,535,0.51,0.48,0.62,0.36
CIN,2023,12,0.061,0.04,355,6,5784,4257,1527,27,12,1,208,90,14,11,3,0,17,16,8,12,0,44,601,383,0.63,0.35,0.57,0.42
CLE,2023,-6,0.064,0.035,383,30,6028,4011,2017,24,15,3,173,121,23,26,14,2,18,20,10,13,0,49,601,525,0.56,0.43,0.58,0.4
DAL,2023,16,0.071,0.047,466,6,6580,4660,1920,36,14,6,229,113,10,12,5,0,17,20,10,14,1,46,604,470,0.58,0.4,0.54,0.44
DEN,2023,5,0.065,0.039,351,12,5376,3566,1810,28,9,1,154,116,9,27,14,1,11,26,14,17,1,42,504,455,0.55,0.43,0.56,0.42
DET,2023,5,0.066,0.052,456,18,6917,4606,2311,30,27,1,228,124,12,19,11,0,16,15,7,12,1,41,594,501,0.56,0.42,0.61,0.39
GB,2023,1,0.062,0.042,377,0,6115,4210,1905,32,11,2,211,101,11,18,6,0,7,18,12,11,0,45,570,443,0.58,0.41,0.53,0.45
HOU,2023,12,0.06,0.038,372,6,6215,4578,1637,27,12,1,215,84,8,17,8,1,14,19,8,14,0,46,584,446,0.58,0.41,0.57,0.43
IND,2023,13,0.061,0.035,365,6,5941,3882,2059,18,19,4,178,113,10,17,9,1,15,25,11,17,1,51,564,479,0.56,0.42,0.54,0.45
JAX,2023,-3,0.061,0.037,366,6,6023,4377,1646,22,17,2,199,98,14,26,17,0,16,18,10,12,0,40,606,455,0.59,0.39,0.61,0.37
KC,2023,-2,0.059,0.036,362,18,6166,4383,1783,28,9,2,216,107,17,17,9,1,8,26,11,16,0,57,618,418,0.61,0.36,0.58,0.4
LA,2023,1,0.065,0.044,413,6,6345,4300,2045,26,20,0,206,110,13,7,4,1,10,17,6,8,2,41,570,478,0.56,0.43,0.6,0.38
LAC,2023,1,0.058,0.033,343,18,5954,4312,1642,24,11,0,204,89,8,26,14,0,9,22,11,14,0,48,624,431,0.61,0.38,0.58,0.4
LV,2023,1,0.058,0.032,301,6,5208,3666,1542,20,11,5,182,83,18,14,7,0,13,17,8,13,1,46,539,415,0.59,0.39,0.56,0.42
MIA,2023,4,0.069,0.058,482,24,7006,4698,2308,30,28,4,223,113,15,23,11,0,15,19,11,15,0,56,551,456,0.57,0.42,0.59,0.39
MIN,2023,0,0.053,0.037,333,6,6253,4700,1553,30,7,2,220,79,19,25,15,1,11,25,11,23,0,43,612,393,0.63,0.36,0.59,0.39
NE,2023,-3,0.046,0.027,233,30,5019,3392,1627,16,10,1,153,93,21,17,9,1,10,26,7,17,1,36,536,416,0.59,0.4,0.56,0.41
NO,2023,9,0.065,0.038,386,12,5967,4225,1742,28,13,2,199,112,11,15,7,0,18,14,11,9,0,34,595,482,0.57,0.41,0.56,0.42
NYG,2023,19,0.048,0.027,250,12,5225,3351,1874,15,11,3,141,97,12,22,6,0,18,27,14,19,0,34,506,455,0.57,0.42,0.56,0.43
NYJ,2023,-1,0.049,0.019,246,12,5020,3373,1647,11,8,3,156,77,15,35,18,1,17,27,10,15,3,48,586,390,0.63,0.36,0.52,0.46
PHI,2023,-6,0.066,0.043,415,12,6257,4067,2190,24,22,3,197,149,16,25,13,0,9,19,8,14,1,43,547,511,0.54,0.45,0.63,0.37
PIT,2023,20,0.053,0.029,290,0,5431,3421,2010,13,16,2,153,115,9,21,6,0,16,24,12,19,1,47,497,488,0.53,0.45,0.57,0.41
SEA,2023,9,0.06,0.036,346,0,5747,4167,1580,23,11,3,189,93,12,8,3,0,11,17,10,13,0,47,563,382,0.61,0.37,0.55,0.44
SF,2023,14,0.069,0.061,484,6,6966,4577,2389,33,27,1,207,147,12,15,7,0,22,17,5,11,1,48,479,499,0.51,0.46,0.64,0.35
TB,2023,14,0.061,0.036,340,0,5553,4044,1509,28,8,1,188,79,10,20,8,1,13,27,13,19,1,48,558,439,0.58,0.4,0.61,0.38
TEN,2023,2,0.057,0.033,305,12,5358,3512,1846,14,17,1,158,103,11,18,6,0,6,18,10,13,0,45,483,444,0.55,0.43,0.56,0.43
WAS,2023,-14,0.058,0.04,334,30,5766,4174,1592,24,15,0,190,99,21,19,11,0,8,16,10,10,0,39,615,361,0.66,0.34,0.57,0.42
ARI,2024,5,0.064,0.043,403,6,6310,3859,2451,21,22,0,191,136,11,21,10,0,9,22,7,17,2,41,532,468,0.55,0.44,0.55,0.43
ATL,2024,-1,0.056,0.038,366,18,6502,4283,2219,21,18,3,198,133,19,23,6,1,12,16,5,12,1,31,540,497,0.54,0.44,0.57,0.41
BAL,2024,15,0.069,0.061,506,0,7373,4189,3184,41,22,2,199,164,4,17,7,2,12,18,5,14,0,54,473,555,0.47,0.51,0.64,0.35
BUF,2024,25,0.083,0.063,511,0,6168,3938,2230,30,33,3,181,140,6,11,3,0,16,28,15,18,1,39,514,491,0.52,0.46,0.58,0.41
CAR,2024,-6,0.066,0.043,348,6,5289,3411,1878,22,19,0,168,99,15,17,8,0,9,15,7,8,0,32,532,411,0.59,0.4,0.49,0.49
CHI,2024,11,0.055,0.033,292,0,5286,3552,1734,20,13,1,172,97,7,22,8,1,11,21,14,15,0,40,559,431,0.6,0.39,0.53,0.46
CIN,2024,7,0.071,0.054,461,18,6492,4918,1574,43,12,2,253,88,9,23,12,0,15,18,10,13,1,36,643,381,0.65,0.34,0.56,0.43
CLE,2024,-15,0.046,0.027,253,18,5487,3879,1608,19,9,1,180,93,23,18,9,0,4,18,10,13,1,41,638,391,0.65,0.34,0.53,0.44
DAL,2024,4,0.059,0.029,340,12,5797,4092,1705,23,8,1,192,98,14,27,14,0,13,22,9,19,0,52,623,429,0.61,0.38,0.54,0.44
DEN,2024,7,0.068,0.041,391,0,5716,3808,1908,30,12,5,172,124,12,15,8,0,15,18,9,12,2,63,558,461,0.56,0.42,0.61,0.38
DET,2024,13,0.077,0.063,553,6,7206,4718,2488,39,29,1,242,144,12,12,3,1,16,20,8,12,0,37,539,535,0.52,0.46,0.64,0.36
GB,2024,15,0.072,0.052,462,12,6435,3939,2496,28,24,1,171,142,11,16,9,0,17,28,13,18,0,45,468,528,0.49,0.5,0.59,0.4
HOU,2024,8,0.06,0.035,352,0,5861,3952,1909,20,15,3,197,89,12,15,8,1,19,20,9,9,1,49,558,436,0.59,0.4,0.57,0.42
IND,2024,5,0.063,0.04,373,12,5917,3599,2318,20,20,1,161,130,19,21,10,0,16,19,9,18,0,36,494,499,0.52,0.47,0.52,0.46
JAX,2024,-12,0.057,0.034,308,0,5446,3717,1729,19,13,1,174,106,15,18,9,1,6,9,3,6,0,34,531,414,0.58,0.41,0.55,0.43
KC,2024,12,0.065,0.039,379,0,5836,4046,1790,26,15,1,219,106,11,12,4,0,13,19,6,14,0,39,589,450,0.59,0.39,0.59,0.4
LA,2024,8,0.058,0.037,341,0,5861,4096,1765,22,15,3,192,119,9,13,6,0,13,14,6,10,1,38,550,451,0.57,0.42,0.55,0.44
LAC,2024,17,0.068,0.041,396,0,5783,3901,1882,23,17,1,176,110,3,15,5,1,15,15,7,10,0,46,507,465,0.54,0.43,0.59,0.4
LV,2024,-13,0.056,0.029,306,18,5474,4117,1357,19,10,1,209,78,16,20,13,1,10,13,3,6,0,38,619,382,0.64,0.35,0.56,0.41
MIA,2024,-2,0.06,0.033,347,12,5831,4036,1795,22,12,0,221,90,10,28,10,2,10,14,7,8,0,35,581,448,0.58,0.41,0.59,0.39
MIN,2024,14,0.067,0.044,415,6,6234,4379,1855,35,9,3,210,100,12,19,9,1,24,16,9,11,0,49,536,457,0.57,0.41,0.63,0.36
NE,2024,-4,0.055,0.031,291,12,5312,3343,1969,18,12,1,167,101,11,30,13,0,7,23,4,13,0,28,518,446,0.57,0.42,0.53,0.46
NO,2024,9,0.059,0.037,333,18,5684,3730,1954,21,15,1,167,111,12,14,5,0,14,15,5,12,1,39,539,444,0.57,0.42,0.56,0.42
NYG,2024,-3,0.052,0.03,278,30,5304,3521,1783,15,15,0,170,104,13,22,10,0,5,21,10,15,0,45,578,425,0.6,0.38,0.52,0.46
NYJ,2024,4,0.061,0.042,340,12,5577,4016,1561,31,9,0,201,83,11,17,7,1,7,25,11,15,0,43,596,366,0.64,0.35,0.53,0.46
PHI,2024,20,0.07,0.051,462,6,6565,3517,3048,24,30,1,168,164,6,20,8,0,13,29,14,21,0,41,442,626,0.44,0.54,0.58,0.41
PIT,2024,16,0.064,0.034,370,12,5773,3607,2166,21,14,1,158,122,6,31,14,0,17,22,13,19,0,40,493,533,0.51,0.48,0.6,0.39
SEA,2024,5,0.059,0.042,356,6,6006,4379,1627,21,19,4,211,88,16,21,6,2,13,21,7,14,1,45,577,383,0.63,0.36,0.57,0.41
SF,2024,-3,0.057,0.041,377,0,6587,4424,2163,23,17,1,204,120,16,25,10,0,11,20,7,12,0,37,517,458,0.55,0.44,0.54,0.45
TB,2024,-2,0.07,0.056,494,0,7041,4505,2536,41,17,1,224,137,16,26,9,0,7,25,9,16,1,46,555,483,0.56,0.43,0.63,0.36
TEN,2024,-10,0.059,0.036,324,30,5476,3621,1855,22,13,0,164,112,21,25,12,0,11,18,7,12,2,32,509,451,0.56,0.43,0.5,0.49
WAS,2024,10,0.073,0.052,479,0,6550,3932,2618,29,25,1,192,154,9,15,5,0,7,27,12,17,0,43,516,528,0.52,0.47,0.53,0.46