team,season,off_points_scored,def_points_allowed,off_yards_total,off_passing_yards,off_rushing_yards,off_pass_touchdowns,off_rush_touchdowns,off_first_downs_pass,off_first_downs_rush,off_interceptions_thrown,off_fumbles_lost,def_interceptions_made,def_sacks,turnover_margin,eff_ratio,td_eff,made_playoffs
ARI,2012,233,42,4587,3383,1204,11,10,168,58,21,13,22,38,2,0.051,0.022,0
ATL,2012,408,6,6116,4719,1397,32,12,246,70,14,4,20,29,17,0.067,0.045,1
BAL,2012,383,18,5897,3996,1901,22,19,182,98,11,7,13,37,3,0.065,0.041,1
BUF,2012,338,12,5647,3430,2217,24,15,176,103,17,17,12,36,-2,0.06,0.042,0
CAR,2012,346,18,5989,3927,2062,19,23,171,123,12,7,11,39,11,0.058,0.045,0
CHI,2012,323,12,5268,3298,1970,21,12,163,99,16,9,24,41,25,0.061,0.035,0
CIN,2012,371,24,5552,3807,1745,28,11,173,95,16,11,14,51,4,0.067,0.041,0
CLE,2012,292,12,5261,3668,1593,16,13,185,71,18,6,17,38,10,0.056,0.031,0
DAL,2012,367,18,6257,4992,1265,29,10,237,76,19,11,7,34,-9,0.059,0.039,0
DEN,2012,437,12,6503,4671,1832,37,13,232,112,11,14,16,52,11,0.067,0.047,1
DET,2012,388,36,6752,5139,1613,22,19,272,84,17,14,11,34,-8,0.057,0.037,1
GB,2012,415,0,6044,4342,1702,40,10,213,85,8,8,18,47,10,0.069,0.051,1
HOU,2012,390,0,6169,4046,2123,22,20,205,114,13,4,15,44,16,0.063,0.04,1
IND,2012,342,18,6045,4374,1671,23,14,208,110,18,8,12,32,-7,0.057,0.035,0
JAX,2012,272,30,5115,3746,1369,20,8,157,76,17,10,12,20,-2,0.053,0.03,0
KC,2012,220,30,5332,2937,2395,8,11,144,118,20,16,7,27,-16,0.041,0.02,0
LA,2012,270,18,5497,3783,1714,22,5,189,79,14,8,17,52,8,0.049,0.028,0
LAC,2012,309,18,5067,3606,1461,26,6,184,81,15,12,14,38,5,0.061,0.035,0
LV,2012,292,12,5712,4292,1420,24,4,200,72,16,10,11,25,-7,0.051,0.028,0
MIA,2012,284,12,5227,3425,1802,13,17,158,93,13,11,10,42,-1,0.054,0.032,0
MIN,2012,356,6,5569,2935,2634,18,17,163,113,12,11,10,44,1,0.064,0.037,0
NE,2012,519,0,7028,4844,2184,34,27,256,151,9,7,20,37,34,0.074,0.053,1
NO,2012,434,18,6764,5187,1577,43,10,267,64,19,6,15,30,0,0.064,0.052,1
NYG,2012,419,12,5829,3967,1862,26,19,187,103,15,9,21,33,11,0.072,0.048,1
NYJ,2012,271,24,5074,3178,1896,14,15,162,102,19,16,11,30,-10,0.053,0.03,0
PHI,2012,287,42,5949,4075,1874,18,11,190,111,15,20,8,30,-15,0.048,0.029,0
PIT,2012,340,24,5549,4012,1537,27,9,202,80,14,16,10,37,-4,0.061,0.037,0
SEA,2012,385,18,5813,3234,2579,27,17,153,129,10,11,18,36,14,0.066,0.047,1
SF,2012,390,6,6042,3551,2491,23,20,172,128,8,8,14,38,13,0.065,0.047,1
TB,2012,369,24,5981,4144,1837,27,13,188,89,17,6,18,27,5,0.062,0.041,0
TEN,2012,297,30,5264,3577,1687,17,13,166,70,16,12,19,39,5,0.056,0.033,0
WAS,2012,418,0,6375,3666,2709,24,25,171,144,8,6,21,32,21,0.066,0.051,1
ARI,2013,346,6,5831,4291,1540,24,12,205,84,22,9,20,47,1,0.059,0.037,0
ATL,2013,339,24,5788,4541,1247,26,11,227,64,17,10,10,32,-2,0.059,0.038,0
BAL,2013,313,30,5242,3914,1328,19,8,189,68,23,8,16,40,-1,0.06,0.026,0
BUF,2013,330,18,5680,3373,2307,16,16,149,113,15,11,23,57,11,0.058,0.03,0
CAR,2013,342,0,5405,3379,2026,24,14,169,122,13,4,20,60,14,0.063,0.04,0
CHI,2013,410,42,6278,4450,1828,32,13,215,102,13,10,19,31,16,0.065,0.046,1
CIN,2013,397,18,6073,4318,1755,33,15,205,101,20,10,20,43,4,0.065,0.046,1
CLE,2013,287,18,5755,4372,1383,26,5,200,77,20,8,14,40,-7,0.05,0.031,0
DAL,2013,404,6,5730,4226,1504,33,12,213,80,12,9,15,34,7,0.071,0.049,1
DEN,2013,584,12,7445,5572,1873,55,17,293,107,10,11,17,41,12,0.078,0.064,1
DET,2013,377,24,6442,4650,1792,29,16,221,106,19,15,15,33,-9,0.059,0.042,0
GB,2013,403,24,6674,4538,2136,25,18,201,119,16,8,11,44,3,0.06,0.042,1
HOU,2013,275,42,5926,4183,1743,19,8,198,90,22,9,7,32,-15,0.046,0.026,0
IND,2013,383,12,5695,3952,1743,23,16,191,88,10,4,15,42,19,0.067,0.04,1
JAX,2013,233,24,5011,3751,1260,16,7,176,71,21,6,11,31,-1,0.046,0.024,0
KC,2013,377,6,5617,3561,2056,24,19,179,110,8,13,21,47,13,0.067,0.044,0
LA,2013,315,30,5112,3360,1752,22,10,165,82,11,11,14,53,15,0.062,0.035,0
LAC,2013,393,18,6443,4478,1965,32,9,230,104,11,8,11,35,2,0.061,0.04,1
LV,2013,319,18,5629,3629,2000,17,19,168,90,20,13,9,38,-2,0.057,0.038,0
MIA,2013,305,12,5406,3966,1440,24,8,205,61,19,8,18,42,-1,0.056,0.035,0
MIN,2013,389,24,5726,3645,2081,18,26,173,106,19,14,12,41,-10,0.068,0.046,1
NE,2013,429,18,6408,4343,2065,25,19,225,110,11,11,17,48,7,0.067,0.04,1
NO,2013,416,12,6635,5162,1473,39,10,244,87,12,4,12,49,6,0.063,0.048,1
NYG,2013,300,36,5207,3875,1332,18,14,176,77,29,15,17,34,-12,0.058,0.035,0
NYJ,2013,282,36,5428,3270,2158,13,12,154,105,22,7,13,41,-6,0.052,0.026,0
PHI,2013,440,12,6954,4406,2548,32,21,197,133,9,9,19,37,14,0.063,0.053,1
PIT,2013,355,12,5689,4306,1383,28,9,207,81,14,10,10,34,1,0.062,0.038,0
SEA,2013,396,6,5696,3508,2188,27,15,160,116,9,11,28,44,23,0.07,0.046,1
SF,2013,375,6,5411,3210,2201,21,18,148,115,8,14,18,38,8,0.069,0.043,0
TB,2013,270,12,4793,3181,1612,22,6,157,75,12,10,21,35,13,0.056,0.03,0
TEN,2013,346,12,5604,3710,1894,22,16,172,103,16,7,13,36,3,0.062,0.039,0
WAS,2013,330,12,6221,4057,2164,20,18,198,112,19,14,16,36,-5,0.053,0.036,0
ARI,2014,281,6,5298,3990,1308,21,6,191,67,12,5,18,35,9,0.053,0.028,0
ATL,2014,368,30,6256,4758,1498,28,11,233,75,15,10,16,22,2,0.059,0.039,0
BAL,2014,395,0,6005,3986,2019,27,17,194,113,12,7,11,49,6,0.066,0.044,1
BUF,2014,325,12,5338,3856,1482,23,8,186,65,13,10,19,54,12,0.061,0.032,0
CAR,2014,340,6,5856,3828,2028,23,13,199,117,12,9,14,40,17,0.058,0.036,0
CHI,2014,321,12,5476,4035,1441,30,10,194,91,19,12,14,39,-1,0.059,0.042,0
CIN,2014,362,18,5698,3551,2147,20,20,164,122,17,10,20,20,-2,0.064,0.041,0
CLE,2014,280,6,5406,3678,1728,12,17,179,88,16,6,21,31,14,0.052,0.03,0
DAL,2014,457,12,6362,4008,2354,37,17,205,106,11,13,18,28,10,0.072,0.055,1
DEN,2014,470,12,6564,4779,1785,40,16,227,98,15,6,18,41,14,0.072,0.054,1
DET,2014,313,0,5706,4284,1422,22,12,210,72,12,6,20,42,15,0.055,0.034,0
GB,2014,455,6,6364,4447,1917,38,15,222,104,6,8,18,41,17,0.071,0.055,1
HOU,2014,336,12,5621,3460,2161,22,12,171,108,13,11,20,38,11,0.06,0.033,0
IND,2014,451,30,6674,5062,1612,42,9,251,80,16,15,12,41,1,0.068,0.048,1
JAX,2014,240,30,5084,3451,1633,15,10,154,86,18,8,6,45,-1,0.047,0.028,0
KC,2014,341,0,5346,3428,1918,18,20,184,92,6,12,6,46,0,0.064,0.042,0
LA,2014,308,48,5330,3695,1635,20,12,189,79,16,12,13,40,2,0.058,0.036,0
LAC,2014,330,12,5663,4296,1367,31,6,214,75,18,4,7,26,2,0.058,0.039,0
LV,2014,251,24,4696,3456,1240,22,5,173,56,16,13,9,22,-10,0.053,0.028,0
MIA,2014,370,0,5938,4066,1872,27,13,226,99,12,10,14,39,6,0.062,0.041,1
MIN,2014,302,6,5370,3566,1804,17,14,171,90,18,2,13,41,2,0.056,0.034,0
NE,2014,440,12,6018,4291,1727,34,13,228,96,9,4,16,40,18,0.073,0.045,1
NO,2014,401,24,6770,4952,1818,33,16,258,101,17,13,12,34,-7,0.059,0.047,1
NYG,2014,389,18,6073,4470,1603,30,15,218,83,14,12,17,47,7,0.064,0.043,1
NYJ,2014,290,18,5449,3206,2243,16,12,154,112,15,8,6,45,-9,0.053,0.028,0
PHI,2014,429,18,6573,4581,1992,27,19,218,109,21,14,12,49,1,0.065,0.043,1
PIT,2014,399,6,6749,4997,1752,33,10,243,98,10,11,11,33,1,0.059,0.042,1
SEA,2014,386,0,6254,3492,2762,20,22,160,144,7,8,13,37,15,0.062,0.043,1
SF,2014,302,12,5583,3407,2176,20,12,165,104,10,11,23,36,13,0.054,0.034,0
TB,2014,267,12,4998,3623,1375,21,8,162,72,20,12,14,36,-4,0.053,0.034,0
TEN,2014,242,12,5185,3738,1447,20,6,159,75,16,9,12,39,-7,0.047,0.03,0
WAS,2014,317,24,6152,4461,1691,18,17,186,88,18,16,7,36,-12,0.052,0.038,0
ARI,2015,450,6,6692,4775,1917,35,17,237,92,13,12,19,36,15,0.067,0.052,1
ATL,2015,328,6,6208,4602,1606,21,15,230,95,17,13,15,19,-3,0.053,0.035,0
BAL,2015,309,30,5927,4449,1478,21,8,211,89,21,6,6,37,-13,0.052,0.028,0
BUF,2015,361,12,6032,3600,2432,23,19,155,122,9,9,17,21,8,0.06,0.043,1
CAR,2015,483,6,6155,3873,2282,35,21,197,136,10,10,24,44,24,0.078,0.055,1
CHI,2015,345,24,5697,3843,1854,21,14,177,108,12,11,8,35,-8,0.061,0.036,0
CIN,2015,416,18,5909,4104,1805,31,18,191,99,9,9,21,42,13,0.07,0.051,1
CLE,2015,274,12,5685,4156,1529,20,7,192,81,12,16,11,29,-2,0.048,0.028,0
DAL,2015,266,30,5567,3677,1890,16,8,175,94,22,11,8,31,-20,0.048,0.026,0
DEN,2015,320,18,5934,4216,1718,19,13,201,85,23,10,14,52,0,0.054,0.032,0
DET,2015,343,6,5798,4463,1335,33,7,236,71,14,9,9,43,3,0.059,0.041,0
GB,2015,359,18,5675,3825,1850,31,9,173,100,8,9,16,43,12,0.063,0.04,0
HOU,2015,324,18,5810,4079,1731,29,7,210,90,12,10,14,45,6,0.056,0.033,0
IND,2015,320,6,5366,3928,1438,26,9,195,77,19,10,17,35,2,0.06,0.035,0
JAX,2015,359,42,5901,4428,1473,35,5,215,69,18,10,9,36,-4,0.061,0.042,0
KC,2015,369,12,5537,3493,2044,20,19,155,116,7,7,22,47,23,0.067,0.043,1
LA,2015,263,18,4887,2931,1956,11,17,126,92,11,10,13,41,11,0.054,0.031,0
LAC,2015,319,30,6213,4855,1358,30,4,230,79,13,11,11,32,-4,0.051,0.032,0
LV,2015,352,18,5586,4129,1457,34,7,193,74,14,12,14,38,2,0.063,0.043,0
MIA,2015,288,12,5727,4231,1496,24,11,194,72,12,6,13,31,4,0.05,0.038,0
MIN,2015,341,0,5457,3246,2211,14,20,153,113,9,9,13,43,5,0.062,0.037,0
NE,2015,465,12,6216,4812,1404,36,16,229,87,7,5,12,49,22,0.075,0.052,1
NO,2015,390,12,6696,5205,1491,32,16,247,98,12,7,9,31,9,0.058,0.046,1
NYG,2015,391,18,6109,4500,1609,36,6,208,77,14,8,15,23,10,0.064,0.041,1
NYJ,2015,407,12,6038,4170,1868,33,14,210,99,16,10,18,39,5,0.067,0.045,1
PHI,2015,342,18,6084,4341,1743,23,16,193,110,18,14,15,37,0,0.056,0.037,0
PIT,2015,405,0,6546,4822,1724,26,16,207,91,21,6,17,48,7,0.062,0.044,1
SEA,2015,407,12,6329,4061,2268,34,12,190,128,8,7,14,37,17,0.064,0.047,1
SF,2015,234,12,5190,3646,1544,16,7,154,83,12,3,9,28,0,0.045,0.025,0
TB,2015,327,18,6204,4042,2162,22,12,201,99,15,11,11,38,4,0.053,0.035,0
TEN,2015,298,30,5378,3893,1485,25,11,195,66,17,18,11,39,-15,0.055,0.04,0
WAS,2015,376,12,5860,4294,1566,30,12,208,81,11,9,11,38,14,0.064,0.043,1
ARI,2016,399,18,6157,4425,1732,28,20,229,97,17,13,14,48,5,0.065,0.047,1
ATL,2016,512,12,6888,4960,1928,38,20,239,108,7,5,12,34,17,0.074,0.061,1
BAL,2016,335,0,5806,4343,1463,20,11,205,79,16,5,18,31,12,0.058,0.03,0
BUF,2016,387,0,5880,3250,2630,17,30,155,146,7,5,12,39,11,0.066,0.049,0
CAR,2016,359,24,5776,3962,1814,21,17,194,99,19,9,17,47,6,0.062,0.038,0
CHI,2016,267,12,5874,4139,1735,19,11,212,93,19,11,8,37,-12,0.045,0.033,0
CIN,2016,323,0,5975,4206,1769,18,17,204,100,8,7,17,33,10,0.054,0.035,0
CLE,2016,260,12,5405,3693,1712,15,13,181,83,14,12,10,26,-10,0.048,0.031,0
DAL,2016,421,0,6195,3799,2396,25,24,191,142,6,10,9,36,10,0.068,0.05,1
DEN,2016,308,6,5398,3914,1484,20,11,181,76,11,14,14,42,5,0.057,0.032,0
DET,2016,325,6,5637,4327,1310,24,9,217,76,10,4,10,26,4,0.058,0.035,0
GB,2016,433,6,6146,4445,1701,40,11,222,91,8,8,17,40,11,0.07,0.052,1
HOU,2016,272,6,5277,3418,1859,15,9,173,102,16,8,11,31,-6,0.052,0.023,0
IND,2016,408,18,6119,4491,1628,32,14,220,93,15,7,8,33,1,0.067,0.047,1
JAX,2016,321,18,5556,3925,1631,24,10,207,75,16,12,7,33,-12,0.058,0.034,0
KC,2016,344,6,5662,3914,1748,19,16,197,86,8,10,18,28,15,0.061,0.037,0
LA,2016,224,36,4565,3313,1252,14,9,151,68,20,9,10,31,-6,0.049,0.026,0
LAC,2016,388,24,5896,4386,1510,33,11,214,90,21,14,18,35,-5,0.066,0.046,1
LV,2016,416,0,6059,4137,1922,29,18,198,98,7,9,16,25,20,0.069,0.046,1
MIA,2016,344,6,5540,3716,1824,27,15,167,90,15,6,16,33,12,0.062,0.048,0
MIN,2016,289,0,5324,4119,1205,20,10,209,66,5,10,14,41,14,0.054,0.031,0
NE,2016,435,0,6328,4456,1872,32,19,203,109,2,8,13,34,20,0.069,0.05,1
NO,2016,477,24,7000,5258,1742,38,18,265,105,15,8,9,30,-3,0.068,0.053,1
NYG,2016,287,6,5439,4027,1412,26,6,190,73,16,10,17,35,5,0.053,0.033,0
NYJ,2016,279,24,5439,3645,1794,16,12,166,97,25,9,8,27,-14,0.051,0.03,0
PHI,2016,353,0,5611,3798,1813,16,19,192,114,14,7,16,34,9,0.063,0.034,0
PIT,2016,397,0,6137,4377,1760,33,14,210,97,15,5,13,38,8,0.065,0.047,1
SEA,2016,346,0,6013,4422,1591,23,13,203,85,12,6,11,42,8,0.058,0.038,0
SF,2016,308,6,5185,3166,2019,21,15,152,116,10,13,10,33,2,0.059,0.038,0
TB,2016,330,12,5781,4165,1616,29,8,220,80,18,11,17,38,5,0.057,0.036,0
TEN,2016,393,36,5907,3720,2187,29,18,175,115,11,9,12,40,-3,0.067,0.049,1
WAS,2016,393,18,6644,4948,1696,25,17,226,89,12,9,13,38,7,0.059,0.043,1
ARI,2017,287,24,5365,3979,1386,21,6,200,66,18,7,15,37,7,0.053,0.027,0
ATL,2017,343,12,5993,4146,1847,21,13,200,101,12,7,8,39,3,0.057,0.036,0
BAL,2017,361,12,5091,3235,1856,20,16,168,111,13,4,22,41,21,0.071,0.035,1
BUF,2017,286,12,5082,3065,2017,16,12,148,105,10,7,18,27,16,0.056,0.029,0
CAR,2017,353,12,5421,3319,2102,22,16,167,121,16,5,10,50,4,0.065,0.039,1
CHI,2017,240,12,4873,3085,1788,13,14,144,93,12,11,8,42,-1,0.049,0.031,0
CIN,2017,279,6,4752,3386,1366,25,7,165,72,12,9,11,41,-5,0.059,0.037,0
CLE,2017,238,24,5251,3537,1714,15,12,157,97,28,11,7,34,-16,0.045,0.029,0
DAL,2017,347,30,5496,3326,2170,22,18,162,127,13,8,10,38,6,0.063,0.042,1
DEN,2017,275,24,5520,3668,1852,19,9,180,92,22,10,10,33,-13,0.05,0.028,0
DET,2017,373,30,5691,4470,1221,29,10,210,58,11,12,19,35,10,0.066,0.042,1
GB,2017,310,12,5256,3532,1724,25,13,176,99,18,6,11,37,-2,0.059,0.041,0
HOU,2017,321,18,5486,3644,1842,28,9,180,86,17,12,11,32,-6,0.059,0.039,0
IND,2017,259,36,4887,3226,1661,13,11,148,94,9,8,13,25,8,0.053,0.026,0
JAX,2017,374,6,5978,3716,2262,21,19,193,101,13,10,21,55,15,0.063,0.038,1
KC,2017,392,6,6197,4326,1871,26,12,198,95,8,5,16,31,14,0.063,0.04,1
LA,2017,446,12,5976,4023,1953,28,18,185,97,7,12,18,48,18,0.075,0.048,1
LAC,2017,332,6,6146,4551,1595,28,11,220,84,11,4,18,43,16,0.054,0.039,0
LV,2017,304,18,5315,3761,1554,23,13,178,78,14,15,5,31,-10,0.057,0.039,0
MIA,2017,263,24,5180,3792,1388,24,4,187,66,21,8,9,30,-14,0.051,0.03,0
MIN,2017,380,0,5886,3929,1957,25,16,196,100,8,7,14,37,5,0.065,0.04,1
NE,2017,457,18,6508,4619,1889,32,17,232,107,8,5,12,42,9,0.07,0.048,1
NO,2017,431,6,6404,4334,2070,23,25,201,111,8,9,20,42,20,0.067,0.049,1
NYG,2017,239,6,5229,3680,1549,20,7,178,66,14,8,13,27,2,0.046,0.027,0
NYJ,2017,306,12,5203,3501,1702,19,14,157,77,12,10,11,28,-3,0.059,0.036,0
PHI,2017,435,12,6082,3967,2115,38,11,193,108,9,10,19,38,14,0.072,0.047,1
PIT,2017,400,12,6209,4542,1667,29,13,218,96,15,4,16,56,8,0.064,0.041,1
SEA,2017,339,6,5591,3979,1612,34,5,183,85,12,6,14,39,9,0.061,0.041,0
SF,2017,332,6,5897,4235,1662,15,16,206,88,15,8,10,30,2,0.056,0.031,0
TB,2017,319,12,6057,4607,1450,26,9,243,76,14,16,13,22,-2,0.053,0.036,0
TEN,2017,332,24,5227,3394,1833,14,18,157,97,17,8,12,43,-1,0.064,0.035,0
WAS,2017,340,24,5541,4093,1448,27,11,191,66,13,11,16,43,7,0.061,0.041,0
ARI,2018,211,24,4226,2884,1342,15,9,137,76,18,10,7,49,-8,0.05,0.029,0
ATL,2018,405,18,6522,4949,1573,36,11,238,84,7,12,15,37,4,0.062,0.049,1
BAL,2018,366,6,6144,3708,2436,18,19,184,153,9,10,12,43,3,0.06,0.034,0
BUF,2018,272,30,5036,3052,1984,13,16,136,108,23,7,16,36,6,0.054,0.031,0
CAR,2018,370,12,6207,4071,2136,28,17,212,117,16,6,13,35,5,0.06,0.047,0
CHI,2018,390,6,5685,3747,1938,28,17,177,108,14,10,27,50,23,0.069,0.047,1
CIN,2018,345,6,5251,3569,1682,27,14,182,92,13,3,12,34,5,0.066,0.046,0
CLE,2018,359,12,6154,4261,1893,29,15,189,93,17,6,17,37,11,0.058,0.045,0
DAL,2018,334,6,5848,3885,1963,22,13,184,113,8,9,9,39,6,0.057,0.036,0
DEN,2018,324,6,5837,3930,1907,19,19,181,107,15,8,17,44,7,0.056,0.039,0
DET,2018,321,18,5504,3844,1660,22,12,201,91,12,9,7,43,-5,0.058,0.035,0
GB,2018,365,6,6296,4629,1667,25,14,208,98,4,8,7,44,6,0.058,0.04,0
HOU,2018,378,0,6186,4165,2021,26,12,202,94,9,9,15,43,18,0.061,0.039,1
IND,2018,437,24,6313,4595,1718,39,13,237,96,15,10,15,38,6,0.069,0.05,1
JAX,2018,224,6,5154,3431,1723,15,7,164,92,13,17,11,37,-13,0.043,0.023,0
KC,2018,537,12,6981,5126,1855,50,16,239,108,12,7,15,52,18,0.077,0.069,1
LA,2018,494,6,6961,4730,2231,32,23,236,134,12,6,18,41,13,0.071,0.054,1
LAC,2018,422,12,6189,4316,1873,32,18,213,100,12,5,13,38,4,0.068,0.056,1
LV,2018,287,18,5685,4057,1628,19,10,197,86,10,14,14,13,-5,0.05,0.031,0
MIA,2018,298,18,5047,3309,1738,26,8,153,75,13,12,21,31,7,0.059,0.042,0
MIN,2018,353,30,5788,4298,1490,30,10,218,66,10,11,12,50,-1,0.061,0.042,0
NE,2018,418,0,6442,4405,2037,29,19,206,131,11,6,18,30,13,0.065,0.046,1
NO,2018,499,6,6199,4174,2025,33,26,210,134,7,9,12,49,15,0.08,0.06,1
NYG,2018,352,6,6055,4405,1650,23,13,208,71,12,5,16,30,8,0.058,0.039,0
NYJ,2018,312,18,5023,3404,1619,18,12,157,84,19,10,13,39,-2,0.062,0.033,0
PHI,2018,368,6,6094,4524,1570,29,12,221,94,11,12,10,44,0,0.06,0.041,0
PIT,2018,413,6,6619,5174,1445,35,17,251,88,17,9,8,52,-6,0.062,0.051,1
SEA,2018,424,12,6001,3448,2553,35,16,156,133,7,5,12,43,19,0.071,0.053,1
SF,2018,338,24,6149,4247,1902,26,8,201,98,20,11,2,37,-18,0.055,0.036,0
TB,2018,394,24,6881,5358,1523,36,12,265,80,26,11,9,38,-17,0.057,0.049,1
TEN,2018,299,6,5278,3255,2023,16,16,156,106,12,5,11,39,6,0.057,0.036,0
WAS,2018,284,18,5061,3287,1774,16,13,156,96,15,5,15,46,13,0.056,0.032,0
ARI,2019,376,18,5781,3827,1954,20,20,174,107,12,7,7,40,7,0.065,0.043,1
ATL,2019,366,18,6410,5049,1361,29,10,258,84,15,9,12,28,7,0.057,0.038,0
BAL,2019,499,0,6637,3350,3287,37,22,171,188,8,7,13,37,13,0.075,0.057,1
BUF,2019,319,6,5530,3476,2054,21,15,162,120,12,8,14,44,9,0.058,0.037,0
CAR,2019,349,6,5953,4134,1819,17,23,230,82,21,13,14,53,-11,0.059,0.04,0
CHI,2019,272,0,5031,3573,1458,20,9,178,85,12,7,10,32,3,0.054,0.03,0
CIN,2019,282,30,5511,3994,1517,18,10,191,85,16,12,11,31,-7,0.051,0.028,0
CLE,2019,344,12,5828,3903,1925,23,16,181,92,21,6,14,38,0,0.059,0.043,0
DAL,2019,428,0,7055,4902,2153,30,18,229,120,11,7,7,39,2,0.061,0.046,1
DEN,2019,289,6,5063,3401,1662,16,13,162,77,10,7,10,40,3,0.057,0.032,0
DET,2019,331,12,5836,4187,1649,28,8,196,82,15,8,7,28,-2,0.057,0.037,0
GB,2019,376,0,5812,4017,1795,26,18,190,90,4,8,17,41,19,0.065,0.045,1
HOU,2019,367,6,6092,4083,2009,27,17,203,112,14,7,12,31,6,0.06,0.046,0
IND,2019,346,18,5444,3314,2130,22,18,165,131,10,11,15,41,7,0.064,0.041,0
JAX,2019,290,12,5731,4023,1708,24,3,183,85,8,14,10,47,2,0.051,0.028,0
KC,2019,432,6,6259,4690,1569,30,17,211,93,5,10,16,45,15,0.069,0.05,1
LA,2019,373,30,6168,4669,1499,22,20,222,92,17,8,13,50,1,0.06,0.041,0
LAC,2019,334,18,6101,4648,1453,24,12,220,90,20,9,11,30,-13,0.055,0.038,0
LV,2019,304,18,6003,4110,1893,22,13,194,104,8,9,9,32,1,0.051,0.037,0
MIA,2019,300,12,5269,4117,1152,22,11,210,64,18,7,13,23,-2,0.057,0.035,0
MIN,2019,393,0,5862,3729,2133,26,19,171,106,8,12,17,48,16,0.067,0.048,1
NE,2019,380,24,5856,4153,1703,25,17,197,110,9,8,25,47,23,0.065,0.04,1
NO,2019,432,0,6169,4431,1738,36,12,230,97,6,2,13,51,16,0.07,0.049,1
NYG,2019,331,24,5755,4070,1685,30,12,187,89,17,16,10,36,-15,0.058,0.044,0
NYJ,2019,239,18,4700,3443,1257,19,6,162,61,16,9,12,35,-4,0.051,0.028,0
PHI,2019,367,0,6002,4063,1939,27,16,215,104,8,13,11,43,6,0.061,0.04,0
PIT,2019,267,12,4661,3214,1447,18,7,147,75,19,11,20,54,13,0.057,0.028,0
SEA,2019,398,30,6310,4110,2200,31,16,190,121,6,16,16,28,13,0.063,0.047,1
SF,2019,452,18,6334,4029,2305,28,23,195,110,13,12,12,48,7,0.071,0.053,1
TB,2019,429,42,6648,5127,1521,33,15,244,81,30,11,12,47,-9,0.065,0.047,1
TEN,2019,376,0,6179,3956,2223,29,21,177,104,8,8,14,43,9,0.061,0.056,1
WAS,2019,269,18,4788,3205,1583,18,10,154,74,13,8,13,46,8,0.056,0.034,0
ARI,2020,411,18,6339,4102,2237,27,22,211,136,13,10,11,48,1,0.065,0.047,1
ATL,2020,390,0,6152,4620,1532,27,13,243,86,11,7,12,29,11,0.063,0.039,0
BAL,2020,448,12,5989,2919,3070,27,25,142,166,11,8,10,39,14,0.075,0.055,1
BUF,2020,477,0,6509,4786,1723,40,16,240,119,11,10,15,38,8,0.073,0.056,1
CAR,2020,339,6,5833,4129,1704,16,20,192,110,16,7,7,29,-3,0.058,0.038,0
CHI,2020,366,12,5572,3925,1647,26,13,218,93,16,7,10,35,1,0.066,0.039,0
CIN,2020,313,12,5461,3793,1668,19,14,201,92,11,12,11,17,-1,0.057,0.034,0
CLE,2020,393,6,6073,3701,2372,27,21,195,133,8,8,11,38,13,0.065,0.049,0
DAL,2020,386,18,6299,4511,1788,25,15,231,115,13,14,10,31,-3,0.061,0.038,0
DEN,2020,320,18,5591,3673,1918,21,13,176,94,23,10,10,42,-12,0.057,0.035,0
DET,2020,372,18,5896,4397,1499,27,17,220,93,13,7,7,24,4,0.063,0.047,0
GB,2020,508,6,6417,4299,2118,48,18,216,114,5,5,11,41,14,0.079,0.068,1
HOU,2020,379,6,6309,4843,1466,33,10,222,83,7,9,3,34,-2,0.06,0.049,0
IND,2020,417,12,6182,4186,1996,24,21,201,129,11,4,15,40,12,0.067,0.045,1
JAX,2020,288,0,5474,3955,1519,25,9,205,80,16,9,12,18,-5,0.053,0.036,0
KC,2020,453,0,6792,5005,1787,40,14,255,110,7,8,16,32,13,0.067,0.053,1
LA,2020,355,18,6201,4183,2018,20,20,206,123,14,9,14,53,6,0.057,0.038,0
LAC,2020,388,0,6332,4548,1784,31,15,226,111,10,6,12,27,2,0.061,0.042,0
LV,2020,437,18,6299,4383,1916,28,20,206,121,10,17,10,21,-8,0.069,0.048,1
MIA,2020,399,6,5625,3937,1688,24,17,207,100,13,7,18,41,15,0.071,0.042,0
MIN,2020,431,18,6548,4265,2283,35,20,212,139,13,12,15,23,1,0.066,0.056,1
NE,2020,304,12,5470,3124,2346,12,20,157,143,14,5,18,24,4,0.056,0.034,0
NO,2020,474,0,6210,3945,2265,28,30,199,147,8,10,18,45,8,0.076,0.058,1
NYG,2020,269,6,5104,3336,1768,12,13,178,91,11,13,11,40,0,0.053,0.028,0
NYJ,2020,238,18,4798,3115,1683,16,9,146,94,14,5,10,31,8,0.05,0.028,0
PHI,2020,315,6,5755,3728,2027,22,17,177,114,20,10,8,49,-9,0.055,0.039,0
PIT,2020,397,6,5480,4129,1351,35,12,206,81,11,6,18,56,14,0.072,0.046,0
SEA,2020,454,6,6216,4245,1971,40,15,216,111,13,5,14,46,9,0.073,0.057,1
SF,2020,374,24,6209,4320,1889,25,19,217,101,17,12,12,30,-4,0.06,0.044,0
TB,2020,492,12,6295,4776,1519,42,17,238,82,12,5,15,48,13,0.078,0.06,1
TEN,2020,491,0,6516,3826,2690,33,29,203,142,7,5,15,19,15,0.075,0.062,1
WAS,2020,316,6,5407,3796,1611,16,18,184,108,16,8,16,47,7,0.058,0.034,0
ARI,2021,444,6,6695,4619,2076,27,24,214,127,11,3,13,41,19,0.066,0.047,1
ATL,2021,308,18,5438,3987,1451,20,12,196,75,15,11,12,18,-2,0.057,0.034,0
BAL,2021,384,18,6746,4267,2479,21,19,209,159,18,8,9,34,-9,0.057,0.036,0
BUF,2021,483,0,6655,4450,2205,36,21,236,134,16,8,19,42,7,0.073,0.052,1
CAR,2021,304,12,5415,3573,1842,14,18,174,118,21,8,9,39,-8,0.056,0.031,0
CHI,2021,294,18,5650,3635,2015,16,14,180,119,20,9,8,49,-9,0.052,0.03,0
CIN,2021,451,18,6548,4806,1742,36,16,208,96,14,5,13,42,12,0.069,0.053,1
CLE,2021,338,6,6090,3619,2471,21,20,177,138,14,9,13,43,1,0.056,0.041,0
DAL,2021,484,12,7067,4963,2104,40,16,248,111,11,8,26,41,21,0.068,0.05,1
DEN,2021,332,18,5881,3856,2025,20,16,179,124,9,8,13,36,2,0.056,0.036,0
DET,2021,327,12,5770,3884,1886,23,12,193,104,14,9,11,30,-2,0.057,0.035,0
GB,2021,444,0,6426,4526,1900,39,14,235,109,7,6,18,39,15,0.069,0.051,1
HOU,2021,272,0,5052,3630,1422,21,9,162,77,15,8,17,32,10,0.054,0.032,0
IND,2021,432,6,6128,3588,2540,27,22,167,154,8,9,19,33,20,0.07,0.048,1
JAX,2021,255,12,5429,3674,1755,12,16,178,92,17,11,7,32,-11,0.047,0.029,0
KC,2021,457,6,6892,4937,1955,37,16,267,119,13,13,15,31,8,0.066,0.048,1
LA,2021,459,30,6576,4893,1683,41,10,233,99,18,5,19,50,11,0.07,0.051,1
LAC,2021,471,18,6848,5014,1834,38,19,256,112,15,7,11,35,9,0.069,0.053,1
LV,2021,375,18,6425,4808,1617,23,14,217,95,14,12,6,35,-9,0.058,0.036,0
MIA,2021,306,6,5504,3936,1568,21,12,206,87,14,10,14,48,5,0.056,0.032,0
MIN,2021,425,0,6380,4450,1930,34,14,202,103,7,7,16,51,16,0.067,0.046,1
NE,2021,454,24,6249,4098,2151,24,25,187,139,13,9,23,36,11,0.073,0.048,1
NO,2021,355,18,5428,3437,1991,29,12,165,113,13,5,18,46,13,0.065,0.041,0
NYG,2021,253,18,5151,3463,1688,15,8,171,90,20,10,15,34,-3,0.049,0.023,0
NYJ,2021,304,0,5626,3959,1667,20,15,195,87,20,7,7,33,-8,0.054,0.036,0
PHI,2021,415,6,6300,3585,2715,20,25,167,163,10,6,12,29,8,0.066,0.043,0
PIT,2021,338,6,5600,4017,1583,23,10,204,85,11,8,13,55,13,0.06,0.031,0
SEA,2021,392,6,5889,3815,2074,30,19,166,106,7,6,11,34,7,0.067,0.054,0
SF,2021,415,0,6599,4437,2162,26,22,200,130,14,13,9,48,4,0.063,0.048,0
TB,2021,501,12,7055,5383,1672,43,18,273,106,12,8,17,47,12,0.071,0.055,1
TEN,2021,401,0,6149,3745,2404,22,24,194,134,14,11,16,43,4,0.065,0.043,0
WAS,2021,331,12,5807,3746,2061,21,15,181,129,15,9,11,38,-4,0.057,0.035,0
ARI,2022,312,12,5839,3966,1873,17,15,189,115,17,7,11,36,-2,0.053,0.03,0
ATL,2022,345,0,5645,2927,2718,17,18,148,152,9,10,10,21,0,0.061,0.036,0
BAL,2022,351,6,5922,3202,2720,19,15,149,167,13,9,14,48,6,0.059,0.034,0
BUF,2022,446,6,6523,4291,2232,35,17,212,128,14,13,17,40,0,0.068,0.052,1
CAR,2022,331,12,5456,3246,2210,16,17,138,119,13,7,10,35,1,0.061,0.035,0
CHI,2022,334,12,5612,2598,3014,19,19,109,148,15,10,14,20,-1,0.06,0.041,0
CIN,2022,414,12,6048,4520,1528,35,14,221,96,12,5,13,30,13,0.068,0.049,1
CLE,2022,337,0,6200,3710,2490,19,19,182,142,12,9,11,34,0,0.054,0.036,0
DAL,2022,452,18,6209,3911,2298,28,24,194,129,18,4,16,54,14,0.073,0.049,1
DEN,2022,288,18,5942,4007,1935,18,11,166,105,15,9,15,36,8,0.048,0.029,0
DET,2022,442,18,6623,4444,2179,29,23,228,114,7,9,12,39,9,0.067,0.049,1
GB,2022,363,6,6003,3890,2113,27,14,186,116,12,8,17,34,11,0.06,0.041,0
HOU,2022,294,42,5118,3642,1476,20,9,159,90,19,10,16,39,1,0.057,0.03,0
IND,2022,276,30,5721,3855,1866,17,8,193,91,20,15,10,44,-10,0.048,0.024,0
JAX,2022,380,0,6264,4148,2116,25,16,208,114,9,13,14,35,9,0.061,0.04,1
KC,2022,482,0,7220,5250,1970,41,18,272,105,12,7,11,55,5,0.067,0.056,1
LA,2022,310,18,5167,3506,1661,16,16,181,89,15,9,16,38,2,0.06,0.035,0
LAC,2022,384,6,6315,4791,1524,26,15,232,93,10,11,14,40,6,0.061,0.037,1
LV,2022,380,18,6239,4182,2057,28,12,193,122,17,4,6,27,-6,0.061,0.04,1
MIA,2022,379,12,6451,4765,1686,30,13,220,93,15,6,8,40,0,0.059,0.045,0
MIN,2022,426,12,6479,4818,1661,30,20,244,93,15,10,15,38,2,0.066,0.047,1
NE,2022,318,12,5647,3815,1832,19,12,166,98,14,12,19,54,6,0.056,0.033,0
NO,2022,328,24,5951,3969,1982,24,12,181,103,14,11,7,48,-8,0.055,0.037,0
NYG,2022,353,0,5950,3431,2519,17,21,170,150,6,9,6,41,12,0.059,0.037,0
NYJ,2022,298,0,5726,4040,1686,15,15,191,79,14,9,12,45,-3,0.052,0.029,0
PHI,2022,468,18,6873,4364,2509,25,32,195,161,9,10,17,70,13,0.068,0.053,1
PIT,2022,303,6,5734,3661,2073,12,16,189,129,14,4,20,40,12,0.053,0.026,0
SEA,2022,397,12,6324,4282,2042,30,12,206,106,12,11,14,45,9,0.063,0.043,1
SF,2022,439,6,6409,4049,2360,30,21,188,132,9,10,20,44,14,0.068,0.051,1
TB,2022,307,0,6054,4746,1308,26,5,240,79,10,11,10,45,2,0.051,0.027,0
TEN,2022,294,12,5358,3227,2131,16,17,153,104,11,9,14,39,7,0.055,0.035,0
WAS,2022,303,12,5926,3783,2143,24,9,184,124,16,10,9,43,-10,0.051,0.031,0
ARI,2023,327,18,5795,3430,2365,18,17,173,127,12,7,11,33,-4,0.056,0.034,0
ATL,2023,314,6,5934,3775,2159,17,14,181,121,17,11,8,42,-2,0.053,0.03,0
BAL,2023,476,6,6542,3881,2661,27,27,180,144,7,15,18,60,11,0.073,0.052,1
BUF,2023,439,0,6518,4306,2212,29,23,199,158,18,9,18,54,6,0.067,0.048,1
CAR,2023,223,30,5014,3245,1769,13,7,150,111,10,11,8,27,-8,0.044,0.02,0
CHI,2023,358,24,5820,3421,2399,19,17,169,137,15,9,22,30,9,0.062,0.035,0
CIN,2023,355,6,5784,4257,1527,27,12,208,90,14,3,17,44,12,0.061,0.04,0
CLE,2023,383,30,6028,4011,2017,24,15,173,121,23,14,18,49,-6,0.064,0.035,1
DAL,2023,466,6,6580,4660,1920,36,14,229,113,10,5,17,46,16,0.071,0.047,1
DEN,2023,351,12,5376,3566,1810,28,9,154,116,9,14,11,42,5,0.065,0.039,0
DET,2023,456,18,6917,4606,2311,30,27,228,124,12,11,16,41,5,0.066,0.052,1
GB,2023,377,0,6115,4210,1905,32,11,211,101,11,6,7,45,1,0.062,0.042,1
HOU,2023,372,6,6215,4578,1637,27,12,215,84,8,8,14,46,12,0.06,0.038,1
IND,2023,365,6,5941,3882,2059,18,19,178,113,10,9,15,51,13,0.061,0.035,0
JAX,2023,366,6,6023,4377,1646,22,17,199,98,14,17,16,40,-3,0.061,0.037,0
KC,2023,362,18,6166,4383,1783,28,9,216,107,17,9,8,57,-2,0.059,0.036,0
LA,2023,413,6,6345,4300,2045,26,20,206,110,13,4,10,41,1,0.065,0.044,1
LAC,2023,343,18,5954,4312,1642,24,11,204,89,8,14,9,48,1,0.058,0.033,0
LV,2023,301,6,5208,3666,1542,20,11,182,83,18,7,13,46,1,0.058,0.032,0
MIA,2023,482,24,7006,4698,2308,30,28,223,113,15,11,15,56,4,0.069,0.058,1
MIN,2023,333,6,6253,4700,1553,30,7,220,79,19,15,11,43,0,0.053,0.037,0
NE,2023,233,30,5019,3392,1627,16,10,153,93,21,9,10,36,-3,0.046,0.027,0
NO,2023,386,12,5967,4225,1742,28,13,199,112,11,7,18,34,9,0.065,0.038,1
NYG,2023,250,12,5225,3351,1874,15,11,141,97,12,6,18,34,19,0.048,0.027,0
NYJ,2023,246,12,5020,3373,1647,11,8,156,77,15,18,17,48,-1,0.049,0.019,0
PHI,2023,415,12,6257,4067,2190,24,22,197,149,16,13,9,43,-6,0.066,0.043,1
PIT,2023,290,0,5431,3421,2010,13,16,153,115,9,6,16,47,20,0.053,0.029,0
SEA,2023,346,0,5747,4167,1580,23,11,189,93,12,3,11,47,9,0.06,0.036,0
SF,2023,484,6,6966,4577,2389,33,27,207,147,12,7,22,48,14,0.069,0.061,1
TB,2023,340,0,5553,4044,1509,28,8,188,79,10,8,13,48,14,0.061,0.036,0
TEN,2023,305,12,5358,3512,1846,14,17,158,103,11,6,6,45,2,0.057,0.033,0
WAS,2023,334,30,5766,4174,1592,24,15,190,99,21,11,8,39,-14,0.058,0.04,0
ARI,2024,403,6,6310,3859,2451,21,22,191,136,11,10,9,41,5,0.064,0.043,1
ATL,2024,366,18,6502,4283,2219,21,18,198,133,19,6,12,31,-1,0.056,0.038,0
BAL,2024,506,0,7373,4189,3184,41,22,199,164,4,7,12,54,15,0.069,0.061,1
BUF,2024,511,0,6168,3938,2230,30,33,181,140,6,3,16,39,25,0.083,0.063,1
CAR,2024,348,6,5289,3411,1878,22,19,168,99,15,8,9,32,-6,0.066,0.043,0
CHI,2024,292,0,5286,3552,1734,20,13,172,97,7,8,11,40,11,0.055,0.033,0
CIN,2024,461,18,6492,4918,1574,43,12,253,88,9,12,15,36,7,0.071,0.054,1
CLE,2024,253,18,5487,3879,1608,19,9,180,93,23,9,4,41,-15,0.046,0.027,0
DAL,2024,340,12,5797,4092,1705,23,8,192,98,14,14,13,52,4,0.059,0.029,0
DEN,2024,391,0,5716,3808,1908,30,12,172,124,12,8,15,63,7,0.068,0.041,1
DET,2024,553,6,7206,4718,2488,39,29,242,144,12,3,16,37,13,0.077,0.063,1
GB,2024,462,12,6435,3939,2496,28,24,171,142,11,9,17,45,15,0.072,0.052,1
HOU,2024,352,0,5861,3952,1909,20,15,197,89,12,8,19,49,8,0.06,0.035,0
IND,2024,373,12,5917,3599,2318,20,20,161,130,19,10,16,36,5,0.063,0.04,0
JAX,2024,308,0,5446,3717,1729,19,13,174,106,15,9,6,34,-12,0.057,0.034,0
KC,2024,379,0,5836,4046,1790,26,15,219,106,11,4,13,39,12,0.065,0.039,0
LA,2024,341,0,5861,4096,1765,22,15,192,119,9,6,13,38,8,0.058,0.037,0
LAC,2024,396,0,5783,3901,1882,23,17,176,110,3,5,15,46,17,0.068,0.041,1
LV,2024,306,18,5474,4117,1357,19,10,209,78,16,13,10,38,-13,0.056,0.029,0
MIA,2024,347,12,5831,4036,1795,22,12,221,90,10,10,10,35,-2,0.06,0.033,0
MIN,2024,415,6,6234,4379,1855,35,9,210,100,12,9,24,49,14,0.067,0.044,1
NE,2024,291,12,5312,3343,1969,18,12,167,101,11,13,7,28,-4,0.055,0.031,0
NO,2024,333,18,5684,3730,1954,21,15,167,111,12,5,14,39,9,0.059,0.037,0
NYG,2024,278,30,5304,3521,1783,15,15,170,104,13,10,5,45,-3,0.052,0.03,0
NYJ,2024,340,12,5577,4016,1561,31,9,201,83,11,7,7,43,4,0.061,0.042,0
PHI,2024,462,6,6565,3517,3048,24,30,168,164,6,8,13,41,20,0.07,0.051,1
PIT,2024,370,12,5773,3607,2166,21,14,158,122,6,14,17,40,16,0.064,0.034,0
SEA,2024,356,6,6006,4379,1627,21,19,211,88,16,6,13,45,5,0.059,0.042,0
SF,2024,377,0,6587,4424,2163,23,17,204,120,16,10,11,37,-3,0.057,0.041,0
TB,2024,494,0,7041,4505,2536,41,17,224,137,16,9,7,46,-2,0.07,0.056,1
TEN,2024,324,30,5476,3621,1855,22,13,164,112,21,12,11,32,-10,0.059,0.036,0
WAS,2024,479,0,6550,3932,2618,29,25,192,154,9,5,7,43,10,0.073,0.052,1
